TEAM_NAME,GAME_DATE,MATCHUP,home_away,OPP_TEAM_NAME,opponent_strength,FG3A,FG3M,FG3_PCT
Minnesota Timberwolves,2026-04-12,MIN vs. NOP,Εντός Έδρας,New Orleans Pelicans,Αδύναμη,37,10,0.27
Dallas Mavericks,2026-04-12,DAL vs. CHI,Εντός Έδρας,Chicago Bulls,Αδύναμη,49,22,0.449
Denver Nuggets,2026-04-12,DEN @ SAS,Εκτός Έδρας,San Antonio Spurs,Κορυφαία,30,11,0.367
New York Knicks,2026-04-12,NYK vs. CHA,Εντός Έδρας,Charlotte Hornets,Μεσαία,40,13,0.325
Brooklyn Nets,2026-04-12,BKN @ TOR,Εκτός Έδρας,Toronto Raptors,Μεσαία,34,9,0.265
Oklahoma City Thunder,2026-04-12,OKC vs. PHX,Εντός Έδρας,Phoenix Suns,Μεσαία,46,18,0.391
LA Clippers,2026-04-12,LAC vs. GSW,Εντός Έδρας,Golden State Warriors,Μεσαία,39,14,0.359
Sacramento Kings,2026-04-12,SAC @ POR,Εκτός Έδρας,Portland Trail Blazers,Μεσαία,21,7,0.333
Orlando Magic,2026-04-12,ORL @ BOS,Εκτός Έδρας,Boston Celtics,Κορυφαία,43,12,0.279
Portland Trail Blazers,2026-04-12,POR vs. SAC,Εντός Έδρας,Sacramento Kings,Αδύναμη,46,16,0.348
Houston Rockets,2026-04-12,HOU vs. MEM,Εντός Έδρας,Memphis Grizzlies,Αδύναμη,49,14,0.286
Cleveland Cavaliers,2026-04-12,CLE vs. WAS,Εντός Έδρας,Washington Wizards,Αδύναμη,43,18,0.419
Miami Heat,2026-04-12,MIA vs. ATL,Εντός Έδρας,Atlanta Hawks,Μεσαία,37,15,0.405
Charlotte Hornets,2026-04-12,CHA @ NYK,Εκτός Έδρας,New York Knicks,Κορυφαία,52,19,0.365
Phoenix Suns,2026-04-12,PHX @ OKC,Εκτός Έδρας,Oklahoma City Thunder,Κορυφαία,41,20,0.488
Utah Jazz,2026-04-12,UTA @ LAL,Εκτός Έδρας,Los Angeles Lakers,Κορυφαία,34,7,0.206
Golden State Warriors,2026-04-12,GSW @ LAC,Εκτός Έδρας,LA Clippers,Μεσαία,39,11,0.282
Boston Celtics,2026-04-12,BOS vs. ORL,Εντός Έδρας,Orlando Magic,Μεσαία,50,19,0.38
San Antonio Spurs,2026-04-12,SAS vs. DEN,Εντός Έδρας,Denver Nuggets,Κορυφαία,47,15,0.319
New Orleans Pelicans,2026-04-12,NOP @ MIN,Εκτός Έδρας,Minnesota Timberwolves,Κορυφαία,21,5,0.238
Philadelphia 76ers,2026-04-12,PHI vs. MIL,Εντός Έδρας,Milwaukee Bucks,Αδύναμη,41,16,0.39
Indiana Pacers,2026-04-12,IND vs. DET,Εντός Έδρας,Detroit Pistons,Κορυφαία,54,23,0.426
Los Angeles Lakers,2026-04-12,LAL vs. UTA,Εντός Έδρας,Utah Jazz,Αδύναμη,34,15,0.441
Atlanta Hawks,2026-04-12,ATL @ MIA,Εκτός Έδρας,Miami Heat,Μεσαία,44,17,0.386
Chicago Bulls,2026-04-12,CHI @ DAL,Εκτός Έδρας,Dallas Mavericks,Αδύναμη,38,10,0.263
Detroit Pistons,2026-04-12,DET @ IND,Εκτός Έδρας,Indiana Pacers,Αδύναμη,33,15,0.455
Toronto Raptors,2026-04-12,TOR vs. BKN,Εντός Έδρας,Brooklyn Nets,Αδύναμη,27,12,0.444
Washington Wizards,2026-04-12,WAS @ CLE,Εκτός Έδρας,Cleveland Cavaliers,Κορυφαία,41,18,0.439
Memphis Grizzlies,2026-04-12,MEM @ HOU,Εκτός Έδρας,Houston Rockets,Κορυφαία,49,13,0.265
Milwaukee Bucks,2026-04-12,MIL @ PHI,Εκτός Έδρας,Philadelphia 76ers,Μεσαία,47,13,0.277
Detroit Pistons,2026-04-10,DET @ CHA,Εκτός Έδρας,Charlotte Hornets,Μεσαία,27,9,0.333
Chicago Bulls,2026-04-10,CHI vs. ORL,Εντός Έδρας,Orlando Magic,Μεσαία,39,10,0.256
Utah Jazz,2026-04-10,UTA vs. MEM,Εντός Έδρας,Memphis Grizzlies,Αδύναμη,35,15,0.429
Oklahoma City Thunder,2026-04-10,OKC @ DEN,Εκτός Έδρας,Denver Nuggets,Κορυφαία,44,14,0.318
Golden State Warriors,2026-04-10,GSW @ SAC,Εκτός Έδρας,Sacramento Kings,Αδύναμη,36,14,0.389
Minnesota Timberwolves,2026-04-10,MIN @ HOU,Εκτός Έδρας,Houston Rockets,Κορυφαία,30,15,0.5
San Antonio Spurs,2026-04-10,SAS vs. DAL,Εντός Έδρας,Dallas Mavericks,Αδύναμη,32,13,0.406
New Orleans Pelicans,2026-04-10,NOP @ BOS,Εκτός Έδρας,Boston Celtics,Κορυφαία,32,9,0.281
Memphis Grizzlies,2026-04-10,MEM @ UTA,Εκτός Έδρας,Utah Jazz,Αδύναμη,52,11,0.212
Philadelphia 76ers,2026-04-10,PHI @ IND,Εκτός Έδρας,Indiana Pacers,Αδύναμη,29,5,0.172
Houston Rockets,2026-04-10,HOU vs. MIN,Εντός Έδρας,Minnesota Timberwolves,Κορυφαία,19,4,0.211
New York Knicks,2026-04-10,NYK vs. TOR,Εντός Έδρας,Toronto Raptors,Μεσαία,31,8,0.258
Sacramento Kings,2026-04-10,SAC vs. GSW,Εντός Έδρας,Golden State Warriors,Μεσαία,44,17,0.386
Atlanta Hawks,2026-04-10,ATL vs. CLE,Εντός Έδρας,Cleveland Cavaliers,Κορυφαία,44,16,0.364
Washington Wizards,2026-04-10,WAS vs. MIA,Εντός Έδρας,Miami Heat,Μεσαία,31,14,0.452
Phoenix Suns,2026-04-10,PHX @ LAL,Εκτός Έδρας,Los Angeles Lakers,Κορυφαία,40,7,0.175
Indiana Pacers,2026-04-10,IND vs. PHI,Εντός Έδρας,Philadelphia 76ers,Μεσαία,50,14,0.28
Cleveland Cavaliers,2026-04-10,CLE @ ATL,Εκτός Έδρας,Atlanta Hawks,Μεσαία,27,7,0.259
Miami Heat,2026-04-10,MIA @ WAS,Εκτός Έδρας,Washington Wizards,Αδύναμη,37,20,0.541
Toronto Raptors,2026-04-10,TOR @ NYK,Εκτός Έδρας,New York Knicks,Κορυφαία,25,10,0.4
Charlotte Hornets,2026-04-10,CHA vs. DET,Εντός Έδρας,Detroit Pistons,Κορυφαία,47,13,0.277
Brooklyn Nets,2026-04-10,BKN @ MIL,Εκτός Έδρας,Milwaukee Bucks,Αδύναμη,45,18,0.4
LA Clippers,2026-04-10,LAC @ POR,Εκτός Έδρας,Portland Trail Blazers,Μεσαία,40,13,0.325
Los Angeles Lakers,2026-04-10,LAL vs. PHX,Εντός Έδρας,Phoenix Suns,Μεσαία,20,8,0.4
Boston Celtics,2026-04-10,BOS vs. NOP,Εντός Έδρας,New Orleans Pelicans,Αδύναμη,59,29,0.492
Orlando Magic,2026-04-10,ORL @ CHI,Εκτός Έδρας,Chicago Bulls,Αδύναμη,37,13,0.351
Dallas Mavericks,2026-04-10,DAL @ SAS,Εκτός Έδρας,San Antonio Spurs,Κορυφαία,40,15,0.375
Denver Nuggets,2026-04-10,DEN vs. OKC,Εντός Έδρας,Oklahoma City Thunder,Κορυφαία,43,21,0.488
Portland Trail Blazers,2026-04-10,POR vs. LAC,Εντός Έδρας,LA Clippers,Μεσαία,39,12,0.308
Milwaukee Bucks,2026-04-10,MIL vs. BKN,Εντός Έδρας,Brooklyn Nets,Αδύναμη,48,24,0.5
Brooklyn Nets,2026-04-09,BKN vs. IND,Εντός Έδρας,Indiana Pacers,Αδύναμη,38,8,0.211
Philadelphia 76ers,2026-04-09,PHI @ HOU,Εκτός Έδρας,Houston Rockets,Κορυφαία,32,11,0.344
Houston Rockets,2026-04-09,HOU vs. PHI,Εντός Έδρας,Philadelphia 76ers,Μεσαία,32,11,0.344
Chicago Bulls,2026-04-09,CHI @ WAS,Εκτός Έδρας,Washington Wizards,Αδύναμη,30,9,0.3
Washington Wizards,2026-04-09,WAS vs. CHI,Εντός Έδρας,Chicago Bulls,Αδύναμη,38,10,0.263
Los Angeles Lakers,2026-04-09,LAL @ GSW,Εκτός Έδρας,Golden State Warriors,Μεσαία,29,16,0.552
New York Knicks,2026-04-09,NYK vs. BOS,Εντός Έδρας,Boston Celtics,Κορυφαία,35,15,0.429
Indiana Pacers,2026-04-09,IND @ BKN,Εκτός Έδρας,Brooklyn Nets,Αδύναμη,31,8,0.258
Boston Celtics,2026-04-09,BOS @ NYK,Εκτός Έδρας,New York Knicks,Κορυφαία,43,16,0.372
Toronto Raptors,2026-04-09,TOR vs. MIA,Εντός Έδρας,Miami Heat,Μεσαία,30,13,0.433
Miami Heat,2026-04-09,MIA @ TOR,Εκτός Έδρας,Toronto Raptors,Μεσαία,35,14,0.4
Golden State Warriors,2026-04-09,GSW vs. LAL,Εντός Έδρας,Los Angeles Lakers,Κορυφαία,30,9,0.3
Orlando Magic,2026-04-08,ORL vs. MIN,Εντός Έδρας,Minnesota Timberwolves,Κορυφαία,29,12,0.414
Minnesota Timberwolves,2026-04-08,MIN @ ORL,Εκτός Έδρας,Orlando Magic,Μεσαία,44,18,0.409
LA Clippers,2026-04-08,LAC vs. OKC,Εντός Έδρας,Oklahoma City Thunder,Κορυφαία,32,14,0.438
Detroit Pistons,2026-04-08,DET vs. MIL,Εντός Έδρας,Milwaukee Bucks,Αδύναμη,30,14,0.467
Portland Trail Blazers,2026-04-08,POR @ SAS,Εκτός Έδρας,San Antonio Spurs,Κορυφαία,37,12,0.324
Phoenix Suns,2026-04-08,PHX vs. DAL,Εντός Έδρας,Dallas Mavericks,Αδύναμη,35,14,0.4
Cleveland Cavaliers,2026-04-08,CLE vs. ATL,Εντός Έδρας,Atlanta Hawks,Μεσαία,33,12,0.364
Denver Nuggets,2026-04-08,DEN vs. MEM,Εντός Έδρας,Memphis Grizzlies,Αδύναμη,36,14,0.389
Dallas Mavericks,2026-04-08,DAL @ PHX,Εκτός Έδρας,Phoenix Suns,Μεσαία,36,13,0.361
San Antonio Spurs,2026-04-08,SAS vs. POR,Εντός Έδρας,Portland Trail Blazers,Μεσαία,29,11,0.379
Milwaukee Bucks,2026-04-08,MIL @ DET,Εκτός Έδρας,Detroit Pistons,Κορυφαία,50,17,0.34
Memphis Grizzlies,2026-04-08,MEM @ DEN,Εκτός Έδρας,Denver Nuggets,Κορυφαία,50,19,0.38
Oklahoma City Thunder,2026-04-08,OKC @ LAC,Εκτός Έδρας,LA Clippers,Μεσαία,34,13,0.382
Atlanta Hawks,2026-04-08,ATL @ CLE,Εκτός Έδρας,Cleveland Cavaliers,Κορυφαία,34,12,0.353
Minnesota Timberwolves,2026-04-07,MIN @ IND,Εκτός Έδρας,Indiana Pacers,Αδύναμη,41,17,0.415
Indiana Pacers,2026-04-07,IND vs. MIN,Εντός Έδρας,Minnesota Timberwolves,Κορυφαία,26,9,0.346
Brooklyn Nets,2026-04-07,BKN vs. MIL,Εντός Έδρας,Milwaukee Bucks,Αδύναμη,26,9,0.346
Oklahoma City Thunder,2026-04-07,OKC @ LAL,Εκτός Έδρας,Los Angeles Lakers,Κορυφαία,41,21,0.512
Milwaukee Bucks,2026-04-07,MIL @ BKN,Εκτός Έδρας,Brooklyn Nets,Αδύναμη,45,15,0.333
Los Angeles Lakers,2026-04-07,LAL vs. OKC,Εντός Έδρας,Oklahoma City Thunder,Κορυφαία,26,9,0.346
Chicago Bulls,2026-04-07,CHI @ WAS,Εκτός Έδρας,Washington Wizards,Αδύναμη,45,15,0.333
Dallas Mavericks,2026-04-07,DAL @ LAC,Εκτός Έδρας,LA Clippers,Μεσαία,33,6,0.182
LA Clippers,2026-04-07,LAC vs. DAL,Εντός Έδρας,Dallas Mavericks,Αδύναμη,37,14,0.378
Phoenix Suns,2026-04-07,PHX vs. HOU,Εντός Έδρας,Houston Rockets,Κορυφαία,31,7,0.226
Sacramento Kings,2026-04-07,SAC @ GSW,Εκτός Έδρας,Golden State Warriors,Μεσαία,31,11,0.355
Toronto Raptors,2026-04-07,TOR vs. MIA,Εντός Έδρας,Miami Heat,Μεσαία,28,12,0.429
Utah Jazz,2026-04-07,UTA @ NOP,Εκτός Έδρας,New Orleans Pelicans,Αδύναμη,32,10,0.313
Charlotte Hornets,2026-04-07,CHA @ BOS,Εκτός Έδρας,Boston Celtics,Κορυφαία,49,16,0.327
Houston Rockets,2026-04-07,HOU @ PHX,Εκτός Έδρας,Phoenix Suns,Μεσαία,38,14,0.368
Miami Heat,2026-04-07,MIA @ TOR,Εκτός Έδρας,Toronto Raptors,Μεσαία,44,12,0.273
New Orleans Pelicans,2026-04-07,NOP vs. UTA,Εντός Έδρας,Utah Jazz,Αδύναμη,34,14,0.412
Washington Wizards,2026-04-07,WAS vs. CHI,Εντός Έδρας,Chicago Bulls,Αδύναμη,38,11,0.289
Boston Celtics,2026-04-07,BOS vs. CHA,Εντός Έδρας,Charlotte Hornets,Μεσαία,42,17,0.405
Golden State Warriors,2026-04-07,GSW vs. SAC,Εντός Έδρας,Sacramento Kings,Αδύναμη,38,17,0.447
Denver Nuggets,2026-04-06,DEN vs. POR,Εντός Έδρας,Portland Trail Blazers,Μεσαία,38,12,0.316
Detroit Pistons,2026-04-06,DET @ ORL,Εκτός Έδρας,Orlando Magic,Μεσαία,30,10,0.333
San Antonio Spurs,2026-04-06,SAS vs. PHI,Εντός Έδρας,Philadelphia 76ers,Μεσαία,32,11,0.344
Cleveland Cavaliers,2026-04-06,CLE @ MEM,Εκτός Έδρας,Memphis Grizzlies,Αδύναμη,32,12,0.375
Atlanta Hawks,2026-04-06,ATL vs. NYK,Εντός Έδρας,New York Knicks,Κορυφαία,42,16,0.381
Memphis Grizzlies,2026-04-06,MEM vs. CLE,Εντός Έδρας,Cleveland Cavaliers,Κορυφαία,59,29,0.492
New York Knicks,2026-04-06,NYK @ ATL,Εκτός Έδρας,Atlanta Hawks,Μεσαία,33,11,0.333
Portland Trail Blazers,2026-04-06,POR @ DEN,Εκτός Έδρας,Denver Nuggets,Κορυφαία,52,25,0.481
Orlando Magic,2026-04-06,ORL vs. DET,Εντός Έδρας,Detroit Pistons,Κορυφαία,26,11,0.423
Philadelphia 76ers,2026-04-06,PHI @ SAS,Εκτός Έδρας,San Antonio Spurs,Κορυφαία,31,10,0.323
Memphis Grizzlies,2026-04-05,MEM @ MIL,Εκτός Έδρας,Milwaukee Bucks,Αδύναμη,46,17,0.37
Golden State Warriors,2026-04-05,GSW vs. HOU,Εντός Έδρας,Houston Rockets,Κορυφαία,40,14,0.35
Milwaukee Bucks,2026-04-05,MIL vs. MEM,Εντός Έδρας,Memphis Grizzlies,Αδύναμη,32,16,0.5
Oklahoma City Thunder,2026-04-05,OKC vs. UTA,Εντός Έδρας,Utah Jazz,Αδύναμη,45,24,0.533
Minnesota Timberwolves,2026-04-05,MIN vs. CHA,Εντός Έδρας,Charlotte Hornets,Μεσαία,38,14,0.368
LA Clippers,2026-04-05,LAC @ SAC,Εκτός Έδρας,Sacramento Kings,Αδύναμη,41,20,0.488
Chicago Bulls,2026-04-05,CHI vs. PHX,Εντός Έδρας,Phoenix Suns,Μεσαία,39,10,0.256
Indiana Pacers,2026-04-05,IND @ CLE,Εκτός Έδρας,Cleveland Cavaliers,Κορυφαία,44,17,0.386
Cleveland Cavaliers,2026-04-05,CLE vs. IND,Εντός Έδρας,Indiana Pacers,Αδύναμη,47,16,0.34
Sacramento Kings,2026-04-05,SAC vs. LAC,Εντός Έδρας,LA Clippers,Μεσαία,32,9,0.281
New Orleans Pelicans,2026-04-05,NOP vs. ORL,Εντός Έδρας,Orlando Magic,Μεσαία,31,10,0.323
Dallas Mavericks,2026-04-05,DAL vs. LAL,Εντός Έδρας,Los Angeles Lakers,Κορυφαία,32,14,0.438
Toronto Raptors,2026-04-05,TOR @ BOS,Εκτός Έδρας,Boston Celtics,Κορυφαία,20,8,0.4
Orlando Magic,2026-04-05,ORL @ NOP,Εκτός Έδρας,New Orleans Pelicans,Αδύναμη,33,7,0.212
Boston Celtics,2026-04-05,BOS vs. TOR,Εντός Έδρας,Toronto Raptors,Μεσαία,28,8,0.286
Washington Wizards,2026-04-05,WAS @ BKN,Εκτός Έδρας,Brooklyn Nets,Αδύναμη,25,9,0.36
Utah Jazz,2026-04-05,UTA @ OKC,Εκτός Έδρας,Oklahoma City Thunder,Κορυφαία,39,14,0.359
Charlotte Hornets,2026-04-05,CHA @ MIN,Εκτός Έδρας,Minnesota Timberwolves,Κορυφαία,45,19,0.422
Los Angeles Lakers,2026-04-05,LAL @ DAL,Εκτός Έδρας,Dallas Mavericks,Αδύναμη,27,8,0.296
Phoenix Suns,2026-04-05,PHX @ CHI,Εκτός Έδρας,Chicago Bulls,Αδύναμη,32,13,0.406
Houston Rockets,2026-04-05,HOU @ GSW,Εκτός Έδρας,Golden State Warriors,Μεσαία,29,13,0.448
Brooklyn Nets,2026-04-05,BKN vs. WAS,Εντός Έδρας,Washington Wizards,Αδύναμη,40,15,0.375
San Antonio Spurs,2026-04-04,SAS @ DEN,Εκτός Έδρας,Denver Nuggets,Κορυφαία,45,15,0.333
Miami Heat,2026-04-04,MIA vs. WAS,Εντός Έδρας,Washington Wizards,Αδύναμη,39,17,0.436
Detroit Pistons,2026-04-04,DET @ PHI,Εκτός Έδρας,Philadelphia 76ers,Μεσαία,28,11,0.393
Washington Wizards,2026-04-04,WAS @ MIA,Εκτός Έδρας,Miami Heat,Μεσαία,40,17,0.425
Philadelphia 76ers,2026-04-04,PHI vs. DET,Εντός Έδρας,Detroit Pistons,Κορυφαία,29,8,0.276
Denver Nuggets,2026-04-04,DEN vs. SAS,Εντός Έδρας,San Antonio Spurs,Κορυφαία,46,19,0.413
Utah Jazz,2026-04-03,UTA @ HOU,Εκτός Έδρας,Houston Rockets,Κορυφαία,27,5,0.185
Brooklyn Nets,2026-04-03,BKN vs. ATL,Εντός Έδρας,Atlanta Hawks,Μεσαία,28,12,0.429
Toronto Raptors,2026-04-03,TOR @ MEM,Εκτός Έδρας,Memphis Grizzlies,Αδύναμη,24,9,0.375
Orlando Magic,2026-04-03,ORL @ DAL,Εκτός Έδρας,Dallas Mavericks,Αδύναμη,26,14,0.538
Dallas Mavericks,2026-04-03,DAL vs. ORL,Εντός Έδρας,Orlando Magic,Μεσαία,42,14,0.333
Philadelphia 76ers,2026-04-03,PHI vs. MIN,Εντός Έδρας,Minnesota Timberwolves,Κορυφαία,26,9,0.346
Atlanta Hawks,2026-04-03,ATL @ BKN,Εκτός Έδρας,Brooklyn Nets,Αδύναμη,39,20,0.513
Indiana Pacers,2026-04-03,IND @ CHA,Εκτός Έδρας,Charlotte Hornets,Μεσαία,36,15,0.417
New York Knicks,2026-04-03,NYK vs. CHI,Εντός Έδρας,Chicago Bulls,Αδύναμη,39,15,0.385
Memphis Grizzlies,2026-04-03,MEM vs. TOR,Εντός Έδρας,Toronto Raptors,Μεσαία,42,11,0.262
Charlotte Hornets,2026-04-03,CHA vs. IND,Εντός Έδρας,Indiana Pacers,Αδύναμη,49,24,0.49
Milwaukee Bucks,2026-04-03,MIL vs. BOS,Εντός Έδρας,Boston Celtics,Κορυφαία,47,21,0.447
Houston Rockets,2026-04-03,HOU vs. UTA,Εντός Έδρας,Utah Jazz,Αδύναμη,32,15,0.469
Boston Celtics,2026-04-03,BOS @ MIL,Εκτός Έδρας,Milwaukee Bucks,Αδύναμη,37,17,0.459
Sacramento Kings,2026-04-03,SAC vs. NOP,Εντός Έδρας,New Orleans Pelicans,Αδύναμη,33,10,0.303
Minnesota Timberwolves,2026-04-03,MIN @ PHI,Εκτός Έδρας,Philadelphia 76ers,Μεσαία,43,14,0.326
Chicago Bulls,2026-04-03,CHI @ NYK,Εκτός Έδρας,New York Knicks,Κορυφαία,35,11,0.314
New Orleans Pelicans,2026-04-03,NOP @ SAC,Εκτός Έδρας,Sacramento Kings,Αδύναμη,34,14,0.412
Portland Trail Blazers,2026-04-02,POR vs. NOP,Εντός Έδρας,New Orleans Pelicans,Αδύναμη,51,20,0.392
Phoenix Suns,2026-04-02,PHX @ CHA,Εκτός Έδρας,Charlotte Hornets,Μεσαία,39,16,0.41
Charlotte Hornets,2026-04-02,CHA vs. PHX,Εντός Έδρας,Phoenix Suns,Μεσαία,49,18,0.367
Minnesota Timberwolves,2026-04-02,MIN @ DET,Εκτός Έδρας,Detroit Pistons,Κορυφαία,42,13,0.31
LA Clippers,2026-04-02,LAC vs. SAS,Εντός Έδρας,San Antonio Spurs,Κορυφαία,27,5,0.185
San Antonio Spurs,2026-04-02,SAS @ LAC,Εκτός Έδρας,LA Clippers,Μεσαία,31,12,0.387
New Orleans Pelicans,2026-04-02,NOP @ POR,Εκτός Έδρας,Portland Trail Blazers,Μεσαία,23,9,0.391
Detroit Pistons,2026-04-02,DET vs. MIN,Εντός Έδρας,Minnesota Timberwolves,Κορυφαία,23,10,0.435
Los Angeles Lakers,2026-04-02,LAL @ OKC,Εκτός Έδρας,Oklahoma City Thunder,Κορυφαία,30,7,0.233
Oklahoma City Thunder,2026-04-02,OKC vs. LAL,Εντός Έδρας,Los Angeles Lakers,Κορυφαία,42,19,0.452
Cleveland Cavaliers,2026-04-02,CLE @ GSW,Εκτός Έδρας,Golden State Warriors,Μεσαία,36,16,0.444
Golden State Warriors,2026-04-02,GSW vs. CLE,Εντός Έδρας,Cleveland Cavaliers,Κορυφαία,44,12,0.273
Chicago Bulls,2026-04-01,CHI vs. IND,Εντός Έδρας,Indiana Pacers,Αδύναμη,39,13,0.333
Memphis Grizzlies,2026-04-01,MEM vs. NYK,Εντός Έδρας,New York Knicks,Κορυφαία,36,16,0.444
San Antonio Spurs,2026-04-01,SAS @ GSW,Εκτός Έδρας,Golden State Warriors,Μεσαία,47,15,0.319
Indiana Pacers,2026-04-01,IND @ CHI,Εκτός Έδρας,Chicago Bulls,Αδύναμη,48,20,0.417
Utah Jazz,2026-04-01,UTA vs. DEN,Εντός Έδρας,Denver Nuggets,Κορυφαία,37,12,0.324
Miami Heat,2026-04-01,MIA vs. BOS,Εντός Έδρας,Boston Celtics,Κορυφαία,47,24,0.511
Boston Celtics,2026-04-01,BOS @ MIA,Εκτός Έδρας,Miami Heat,Μεσαία,44,21,0.477
New York Knicks,2026-04-01,NYK @ MEM,Εκτός Έδρας,Memphis Grizzlies,Αδύναμη,32,13,0.406
Washington Wizards,2026-04-01,WAS vs. PHI,Εντός Έδρας,Philadelphia 76ers,Μεσαία,40,16,0.4
Milwaukee Bucks,2026-04-01,MIL @ HOU,Εκτός Έδρας,Houston Rockets,Κορυφαία,40,17,0.425
Atlanta Hawks,2026-04-01,ATL @ ORL,Εκτός Έδρας,Orlando Magic,Μεσαία,37,15,0.405
Denver Nuggets,2026-04-01,DEN @ UTA,Εκτός Έδρας,Utah Jazz,Αδύναμη,39,16,0.41
Orlando Magic,2026-04-01,ORL vs. ATL,Εντός Έδρας,Atlanta Hawks,Μεσαία,32,6,0.188
Sacramento Kings,2026-04-01,SAC @ TOR,Εκτός Έδρας,Toronto Raptors,Μεσαία,33,12,0.364
Golden State Warriors,2026-04-01,GSW vs. SAS,Εντός Έδρας,San Antonio Spurs,Κορυφαία,35,14,0.4
Houston Rockets,2026-04-01,HOU vs. MIL,Εντός Έδρας,Milwaukee Bucks,Αδύναμη,42,18,0.429
Toronto Raptors,2026-04-01,TOR vs. SAC,Εντός Έδρας,Sacramento Kings,Αδύναμη,23,9,0.391
Philadelphia 76ers,2026-04-01,PHI @ WAS,Εκτός Έδρας,Washington Wizards,Αδύναμη,35,17,0.486
LA Clippers,2026-03-31,LAC vs. POR,Εντός Έδρας,Portland Trail Blazers,Μεσαία,30,10,0.333
Charlotte Hornets,2026-03-31,CHA @ BKN,Εκτός Έδρας,Brooklyn Nets,Αδύναμη,39,12,0.308
Orlando Magic,2026-03-31,ORL vs. PHX,Εντός Έδρας,Phoenix Suns,Μεσαία,29,10,0.345
Houston Rockets,2026-03-31,HOU vs. NYK,Εντός Έδρας,New York Knicks,Κορυφαία,35,15,0.429
Toronto Raptors,2026-03-31,TOR @ DET,Εκτός Έδρας,Detroit Pistons,Κορυφαία,29,10,0.345
Cleveland Cavaliers,2026-03-31,CLE @ LAL,Εκτός Έδρας,Los Angeles Lakers,Κορυφαία,39,13,0.333
Brooklyn Nets,2026-03-31,BKN vs. CHA,Εντός Έδρας,Charlotte Hornets,Μεσαία,35,7,0.2
Los Angeles Lakers,2026-03-31,LAL vs. CLE,Εντός Έδρας,Cleveland Cavaliers,Κορυφαία,31,13,0.419
New York Knicks,2026-03-31,NYK @ HOU,Εκτός Έδρας,Houston Rockets,Κορυφαία,34,10,0.294
Portland Trail Blazers,2026-03-31,POR @ LAC,Εκτός Έδρας,LA Clippers,Μεσαία,45,15,0.333
Dallas Mavericks,2026-03-31,DAL @ MIL,Εκτός Έδρας,Milwaukee Bucks,Αδύναμη,36,10,0.278
Milwaukee Bucks,2026-03-31,MIL vs. DAL,Εντός Έδρας,Dallas Mavericks,Αδύναμη,54,20,0.37
Detroit Pistons,2026-03-31,DET vs. TOR,Εντός Έδρας,Toronto Raptors,Μεσαία,23,13,0.565
Phoenix Suns,2026-03-31,PHX @ ORL,Εκτός Έδρας,Orlando Magic,Μεσαία,46,14,0.304
Philadelphia 76ers,2026-03-30,PHI @ MIA,Εκτός Έδρας,Miami Heat,Μεσαία,38,12,0.316
Minnesota Timberwolves,2026-03-30,MIN @ DAL,Εκτός Έδρας,Dallas Mavericks,Αδύναμη,31,14,0.452
Phoenix Suns,2026-03-30,PHX @ MEM,Εκτός Έδρας,Memphis Grizzlies,Αδύναμη,45,17,0.378
Boston Celtics,2026-03-30,BOS @ ATL,Εκτός Έδρας,Atlanta Hawks,Μεσαία,37,14,0.378
Cleveland Cavaliers,2026-03-30,CLE @ UTA,Εκτός Έδρας,Utah Jazz,Αδύναμη,32,6,0.188
Detroit Pistons,2026-03-30,DET @ OKC,Εκτός Έδρας,Oklahoma City Thunder,Κορυφαία,43,16,0.372
Chicago Bulls,2026-03-30,CHI @ SAS,Εκτός Έδρας,San Antonio Spurs,Κορυφαία,44,13,0.295
Atlanta Hawks,2026-03-30,ATL vs. BOS,Εντός Έδρας,Boston Celtics,Κορυφαία,38,15,0.395
Utah Jazz,2026-03-30,UTA vs. CLE,Εντός Έδρας,Cleveland Cavaliers,Κορυφαία,29,15,0.517
San Antonio Spurs,2026-03-30,SAS vs. CHI,Εντός Έδρας,Chicago Bulls,Αδύναμη,34,14,0.412
Dallas Mavericks,2026-03-30,DAL vs. MIN,Εντός Έδρας,Minnesota Timberwolves,Κορυφαία,29,7,0.241
Memphis Grizzlies,2026-03-30,MEM vs. PHX,Εντός Έδρας,Phoenix Suns,Μεσαία,30,11,0.367
Oklahoma City Thunder,2026-03-30,OKC vs. DET,Εντός Έδρας,Detroit Pistons,Κορυφαία,34,10,0.294
Washington Wizards,2026-03-30,WAS @ LAL,Εκτός Έδρας,Los Angeles Lakers,Κορυφαία,35,7,0.2
Miami Heat,2026-03-30,MIA vs. PHI,Εντός Έδρας,Philadelphia 76ers,Μεσαία,40,11,0.275
Los Angeles Lakers,2026-03-30,LAL vs. WAS,Εντός Έδρας,Washington Wizards,Αδύναμη,24,7,0.292
Charlotte Hornets,2026-03-29,CHA vs. BOS,Εντός Έδρας,Boston Celtics,Κορυφαία,43,12,0.279
Milwaukee Bucks,2026-03-29,MIL vs. LAC,Εντός Έδρας,LA Clippers,Μεσαία,44,20,0.455
New York Knicks,2026-03-29,NYK @ OKC,Εκτός Έδρας,Oklahoma City Thunder,Κορυφαία,35,15,0.429
Houston Rockets,2026-03-29,HOU @ NOP,Εκτός Έδρας,New Orleans Pelicans,Αδύναμη,44,18,0.409
Oklahoma City Thunder,2026-03-29,OKC vs. NYK,Εντός Έδρας,New York Knicks,Κορυφαία,28,10,0.357
Washington Wizards,2026-03-29,WAS @ POR,Εκτός Έδρας,Portland Trail Blazers,Μεσαία,22,5,0.227
New Orleans Pelicans,2026-03-29,NOP vs. HOU,Εντός Έδρας,Houston Rockets,Κορυφαία,29,9,0.31
Boston Celtics,2026-03-29,BOS @ CHA,Εκτός Έδρας,Charlotte Hornets,Μεσαία,34,14,0.412
Miami Heat,2026-03-29,MIA @ IND,Εκτός Έδρας,Indiana Pacers,Αδύναμη,37,13,0.351
Brooklyn Nets,2026-03-29,BKN vs. SAC,Εντός Έδρας,Sacramento Kings,Αδύναμη,41,17,0.415
Golden State Warriors,2026-03-29,GSW @ DEN,Εκτός Έδρας,Denver Nuggets,Κορυφαία,42,14,0.333
Denver Nuggets,2026-03-29,DEN vs. GSW,Εντός Έδρας,Golden State Warriors,Μεσαία,40,19,0.475
Sacramento Kings,2026-03-29,SAC @ BKN,Εκτός Έδρας,Brooklyn Nets,Αδύναμη,32,10,0.313
Orlando Magic,2026-03-29,ORL @ TOR,Εκτός Έδρας,Toronto Raptors,Μεσαία,38,9,0.237
Toronto Raptors,2026-03-29,TOR vs. ORL,Εντός Έδρας,Orlando Magic,Μεσαία,29,13,0.448
LA Clippers,2026-03-29,LAC @ MIL,Εκτός Έδρας,Milwaukee Bucks,Αδύναμη,30,13,0.433
Indiana Pacers,2026-03-29,IND vs. MIA,Εντός Έδρας,Miami Heat,Μεσαία,39,18,0.462
Portland Trail Blazers,2026-03-29,POR vs. WAS,Εντός Έδρας,Washington Wizards,Αδύναμη,36,12,0.333
Chicago Bulls,2026-03-28,CHI @ MEM,Εκτός Έδρας,Memphis Grizzlies,Αδύναμη,33,10,0.303
Detroit Pistons,2026-03-28,DET @ MIN,Εκτός Έδρας,Minnesota Timberwolves,Κορυφαία,26,10,0.385
Phoenix Suns,2026-03-28,PHX vs. UTA,Εντός Έδρας,Utah Jazz,Αδύναμη,53,17,0.321
Milwaukee Bucks,2026-03-28,MIL vs. SAS,Εντός Έδρας,San Antonio Spurs,Κορυφαία,46,14,0.304
Minnesota Timberwolves,2026-03-28,MIN vs. DET,Εντός Έδρας,Detroit Pistons,Κορυφαία,43,9,0.209
Atlanta Hawks,2026-03-28,ATL vs. SAC,Εντός Έδρας,Sacramento Kings,Αδύναμη,41,16,0.39
Charlotte Hornets,2026-03-28,CHA vs. PHI,Εντός Έδρας,Philadelphia 76ers,Μεσαία,55,17,0.309
Utah Jazz,2026-03-28,UTA @ PHX,Εκτός Έδρας,Phoenix Suns,Μεσαία,23,10,0.435
Philadelphia 76ers,2026-03-28,PHI @ CHA,Εκτός Έδρας,Charlotte Hornets,Μεσαία,34,16,0.471
Sacramento Kings,2026-03-28,SAC @ ATL,Εκτός Έδρας,Atlanta Hawks,Μεσαία,32,12,0.375
San Antonio Spurs,2026-03-28,SAS @ MIL,Εκτός Έδρας,Milwaukee Bucks,Αδύναμη,35,14,0.4
Memphis Grizzlies,2026-03-28,MEM vs. CHI,Εντός Έδρας,Chicago Bulls,Αδύναμη,38,12,0.316
Portland Trail Blazers,2026-03-27,POR vs. DAL,Εντός Έδρας,Dallas Mavericks,Αδύναμη,30,8,0.267
Golden State Warriors,2026-03-27,GSW vs. WAS,Εντός Έδρας,Washington Wizards,Αδύναμη,44,19,0.432
New Orleans Pelicans,2026-03-27,NOP @ TOR,Εκτός Έδρας,Toronto Raptors,Μεσαία,28,7,0.25
Brooklyn Nets,2026-03-27,BKN @ LAL,Εκτός Έδρας,Los Angeles Lakers,Κορυφαία,39,10,0.256
Denver Nuggets,2026-03-27,DEN vs. UTA,Εντός Έδρας,Utah Jazz,Αδύναμη,48,19,0.396
Chicago Bulls,2026-03-27,CHI @ OKC,Εκτός Έδρας,Oklahoma City Thunder,Κορυφαία,47,15,0.319
Atlanta Hawks,2026-03-27,ATL @ BOS,Εκτός Έδρας,Boston Celtics,Κορυφαία,42,15,0.357
Utah Jazz,2026-03-27,UTA @ DEN,Εκτός Έδρας,Denver Nuggets,Κορυφαία,33,9,0.273
Cleveland Cavaliers,2026-03-27,CLE vs. MIA,Εντός Έδρας,Miami Heat,Μεσαία,41,19,0.463
Miami Heat,2026-03-27,MIA @ CLE,Εκτός Έδρας,Cleveland Cavaliers,Κορυφαία,46,15,0.326
Houston Rockets,2026-03-27,HOU @ MEM,Εκτός Έδρας,Memphis Grizzlies,Αδύναμη,33,12,0.364
Los Angeles Lakers,2026-03-27,LAL vs. BKN,Εντός Έδρας,Brooklyn Nets,Αδύναμη,25,11,0.44
Dallas Mavericks,2026-03-27,DAL @ POR,Εκτός Έδρας,Portland Trail Blazers,Μεσαία,24,7,0.292
Oklahoma City Thunder,2026-03-27,OKC vs. CHI,Εντός Έδρας,Chicago Bulls,Αδύναμη,45,14,0.311
Indiana Pacers,2026-03-27,IND vs. LAC,Εντός Έδρας,LA Clippers,Μεσαία,36,16,0.444
Washington Wizards,2026-03-27,WAS @ GSW,Εκτός Έδρας,Golden State Warriors,Μεσαία,42,18,0.429
Memphis Grizzlies,2026-03-27,MEM vs. HOU,Εντός Έδρας,Houston Rockets,Κορυφαία,37,13,0.351
LA Clippers,2026-03-27,LAC @ IND,Εκτός Έδρας,Indiana Pacers,Αδύναμη,34,13,0.382
Toronto Raptors,2026-03-27,TOR vs. NOP,Εντός Έδρας,New Orleans Pelicans,Αδύναμη,28,10,0.357
Boston Celtics,2026-03-27,BOS vs. ATL,Εντός Έδρας,Atlanta Hawks,Μεσαία,35,14,0.4
Charlotte Hornets,2026-03-26,CHA vs. NYK,Εντός Έδρας,New York Knicks,Κορυφαία,41,16,0.39
New Orleans Pelicans,2026-03-26,NOP @ DET,Εκτός Έδρας,Detroit Pistons,Κορυφαία,25,9,0.36
Detroit Pistons,2026-03-26,DET vs. NOP,Εντός Έδρας,New Orleans Pelicans,Αδύναμη,28,15,0.536
New York Knicks,2026-03-26,NYK @ CHA,Εκτός Έδρας,Charlotte Hornets,Μεσαία,29,11,0.379
Orlando Magic,2026-03-26,ORL vs. SAC,Εντός Έδρας,Sacramento Kings,Αδύναμη,27,13,0.481
Sacramento Kings,2026-03-26,SAC @ ORL,Εκτός Έδρας,Orlando Magic,Μεσαία,33,14,0.424
Detroit Pistons,2026-03-25,DET vs. ATL,Εντός Έδρας,Atlanta Hawks,Μεσαία,33,9,0.273
Milwaukee Bucks,2026-03-25,MIL @ POR,Εκτός Έδρας,Portland Trail Blazers,Μεσαία,45,14,0.311
Washington Wizards,2026-03-25,WAS @ UTA,Εκτός Έδρας,Utah Jazz,Αδύναμη,32,13,0.406
Miami Heat,2026-03-25,MIA @ CLE,Εκτός Έδρας,Cleveland Cavaliers,Κορυφαία,45,18,0.4
Dallas Mavericks,2026-03-25,DAL @ DEN,Εκτός Έδρας,Denver Nuggets,Κορυφαία,35,12,0.343
Portland Trail Blazers,2026-03-25,POR vs. MIL,Εντός Έδρας,Milwaukee Bucks,Αδύναμη,41,19,0.463
Philadelphia 76ers,2026-03-25,PHI vs. CHI,Εντός Έδρας,Chicago Bulls,Αδύναμη,47,22,0.468
Utah Jazz,2026-03-25,UTA vs. WAS,Εντός Έδρας,Washington Wizards,Αδύναμη,29,7,0.241
Oklahoma City Thunder,2026-03-25,OKC @ BOS,Εκτός Έδρας,Boston Celtics,Κορυφαία,37,12,0.324
Chicago Bulls,2026-03-25,CHI @ PHI,Εκτός Έδρας,Philadelphia 76ers,Μεσαία,47,15,0.319
Brooklyn Nets,2026-03-25,BKN @ GSW,Εκτός Έδρας,Golden State Warriors,Μεσαία,33,12,0.364
Toronto Raptors,2026-03-25,TOR @ LAC,Εκτός Έδρας,LA Clippers,Μεσαία,29,10,0.345
Memphis Grizzlies,2026-03-25,MEM vs. SAS,Εντός Έδρας,San Antonio Spurs,Κορυφαία,50,16,0.32
Indiana Pacers,2026-03-25,IND vs. LAL,Εντός Έδρας,Los Angeles Lakers,Κορυφαία,39,16,0.41
Houston Rockets,2026-03-25,HOU @ MIN,Εκτός Έδρας,Minnesota Timberwolves,Κορυφαία,29,9,0.31
San Antonio Spurs,2026-03-25,SAS @ MEM,Εκτός Έδρας,Memphis Grizzlies,Αδύναμη,46,16,0.348
Minnesota Timberwolves,2026-03-25,MIN vs. HOU,Εντός Έδρας,Houston Rockets,Κορυφαία,37,13,0.351
Boston Celtics,2026-03-25,BOS vs. OKC,Εντός Έδρας,Oklahoma City Thunder,Κορυφαία,41,18,0.439
Los Angeles Lakers,2026-03-25,LAL @ IND,Εκτός Έδρας,Indiana Pacers,Αδύναμη,23,9,0.391
Cleveland Cavaliers,2026-03-25,CLE vs. MIA,Εντός Έδρας,Miami Heat,Μεσαία,37,12,0.324
Atlanta Hawks,2026-03-25,ATL @ DET,Εκτός Έδρας,Detroit Pistons,Κορυφαία,52,18,0.346
Denver Nuggets,2026-03-25,DEN vs. DAL,Εντός Έδρας,Dallas Mavericks,Αδύναμη,38,19,0.5
LA Clippers,2026-03-25,LAC vs. TOR,Εντός Έδρας,Toronto Raptors,Μεσαία,35,16,0.457
Golden State Warriors,2026-03-25,GSW vs. BKN,Εντός Έδρας,Brooklyn Nets,Αδύναμη,27,9,0.333
Sacramento Kings,2026-03-24,SAC @ CHA,Εκτός Έδρας,Charlotte Hornets,Μεσαία,28,9,0.321
Orlando Magic,2026-03-24,ORL @ CLE,Εκτός Έδρας,Cleveland Cavaliers,Κορυφαία,39,14,0.359
Phoenix Suns,2026-03-24,PHX vs. DEN,Εντός Έδρας,Denver Nuggets,Κορυφαία,47,17,0.362
Cleveland Cavaliers,2026-03-24,CLE vs. ORL,Εντός Έδρας,Orlando Magic,Μεσαία,30,12,0.4
New Orleans Pelicans,2026-03-24,NOP @ NYK,Εκτός Έδρας,New York Knicks,Κορυφαία,34,15,0.441
Charlotte Hornets,2026-03-24,CHA vs. SAC,Εντός Έδρας,Sacramento Kings,Αδύναμη,55,26,0.473
New York Knicks,2026-03-24,NYK vs. NOP,Εντός Έδρας,New Orleans Pelicans,Αδύναμη,33,13,0.394
Denver Nuggets,2026-03-24,DEN @ PHX,Εκτός Έδρας,Phoenix Suns,Μεσαία,32,13,0.406
Orlando Magic,2026-03-23,ORL vs. IND,Εντός Έδρας,Indiana Pacers,Αδύναμη,34,12,0.353
Milwaukee Bucks,2026-03-23,MIL @ LAC,Εκτός Έδρας,LA Clippers,Μεσαία,41,16,0.39
Miami Heat,2026-03-23,MIA vs. SAS,Εντός Έδρας,San Antonio Spurs,Κορυφαία,52,16,0.308
Dallas Mavericks,2026-03-23,DAL vs. GSW,Εντός Έδρας,Golden State Warriors,Μεσαία,36,16,0.444
Toronto Raptors,2026-03-23,TOR @ UTA,Εκτός Έδρας,Utah Jazz,Αδύναμη,37,20,0.541
Golden State Warriors,2026-03-23,GSW @ DAL,Εκτός Έδρας,Dallas Mavericks,Αδύναμη,47,17,0.362
Indiana Pacers,2026-03-23,IND @ ORL,Εκτός Έδρας,Orlando Magic,Μεσαία,35,16,0.457
Portland Trail Blazers,2026-03-23,POR vs. BKN,Εντός Έδρας,Brooklyn Nets,Αδύναμη,38,18,0.474
San Antonio Spurs,2026-03-23,SAS @ MIA,Εκτός Έδρας,Miami Heat,Μεσαία,43,15,0.349
Utah Jazz,2026-03-23,UTA vs. TOR,Εντός Έδρας,Toronto Raptors,Μεσαία,36,13,0.361
Atlanta Hawks,2026-03-23,ATL vs. MEM,Εντός Έδρας,Memphis Grizzlies,Αδύναμη,54,25,0.463
Memphis Grizzlies,2026-03-23,MEM @ ATL,Εκτός Έδρας,Atlanta Hawks,Μεσαία,43,14,0.326
Philadelphia 76ers,2026-03-23,PHI vs. OKC,Εντός Έδρας,Oklahoma City Thunder,Κορυφαία,46,17,0.37
Houston Rockets,2026-03-23,HOU @ CHI,Εκτός Έδρας,Chicago Bulls,Αδύναμη,41,11,0.268
Oklahoma City Thunder,2026-03-23,OKC @ PHI,Εκτός Έδρας,Philadelphia 76ers,Μεσαία,41,18,0.439
LA Clippers,2026-03-23,LAC vs. MIL,Εντός Έδρας,Milwaukee Bucks,Αδύναμη,38,17,0.447
Chicago Bulls,2026-03-23,CHI vs. HOU,Εντός Έδρας,Houston Rockets,Κορυφαία,38,19,0.5
Los Angeles Lakers,2026-03-23,LAL @ DET,Εκτός Έδρας,Detroit Pistons,Κορυφαία,29,8,0.276
Brooklyn Nets,2026-03-23,BKN @ POR,Εκτός Έδρας,Portland Trail Blazers,Μεσαία,29,8,0.276
Detroit Pistons,2026-03-23,DET vs. LAL,Εντός Έδρας,Los Angeles Lakers,Κορυφαία,26,11,0.423
Boston Celtics,2026-03-22,BOS vs. MIN,Εντός Έδρας,Minnesota Timberwolves,Κορυφαία,33,9,0.273
Toronto Raptors,2026-03-22,TOR @ PHX,Εκτός Έδρας,Phoenix Suns,Μεσαία,28,9,0.321
Washington Wizards,2026-03-22,WAS @ NYK,Εκτός Έδρας,New York Knicks,Κορυφαία,47,18,0.383
Sacramento Kings,2026-03-22,SAC vs. BKN,Εντός Έδρας,Brooklyn Nets,Αδύναμη,27,14,0.519
Portland Trail Blazers,2026-03-22,POR @ DEN,Εκτός Έδρας,Denver Nuggets,Κορυφαία,50,16,0.32
Phoenix Suns,2026-03-22,PHX vs. TOR,Εντός Έδρας,Toronto Raptors,Μεσαία,40,18,0.45
Brooklyn Nets,2026-03-22,BKN @ SAC,Εκτός Έδρας,Sacramento Kings,Αδύναμη,33,14,0.424
Minnesota Timberwolves,2026-03-22,MIN @ BOS,Εκτός Έδρας,Boston Celtics,Κορυφαία,33,12,0.364
New York Knicks,2026-03-22,NYK vs. WAS,Εντός Έδρας,Washington Wizards,Αδύναμη,32,17,0.531
Denver Nuggets,2026-03-22,DEN vs. POR,Εντός Έδρας,Portland Trail Blazers,Μεσαία,46,18,0.391
Dallas Mavericks,2026-03-21,DAL vs. LAC,Εντός Έδρας,LA Clippers,Μεσαία,34,13,0.382
LA Clippers,2026-03-21,LAC @ DAL,Εκτός Έδρας,Dallas Mavericks,Αδύναμη,42,21,0.5
Memphis Grizzlies,2026-03-21,MEM @ CHA,Εκτός Έδρας,Charlotte Hornets,Μεσαία,46,16,0.348
Miami Heat,2026-03-21,MIA @ HOU,Εκτός Έδρας,Houston Rockets,Κορυφαία,41,16,0.39
Milwaukee Bucks,2026-03-21,MIL @ PHX,Εκτός Έδρας,Phoenix Suns,Μεσαία,39,16,0.41
Atlanta Hawks,2026-03-21,ATL vs. GSW,Εντός Έδρας,Golden State Warriors,Μεσαία,40,13,0.325
Golden State Warriors,2026-03-21,GSW @ ATL,Εκτός Έδρας,Atlanta Hawks,Μεσαία,42,15,0.357
Phoenix Suns,2026-03-21,PHX vs. MIL,Εντός Έδρας,Milwaukee Bucks,Αδύναμη,39,15,0.385
New Orleans Pelicans,2026-03-21,NOP vs. CLE,Εντός Έδρας,Cleveland Cavaliers,Κορυφαία,40,12,0.3
Washington Wizards,2026-03-21,WAS vs. OKC,Εντός Έδρας,Oklahoma City Thunder,Κορυφαία,39,16,0.41
Houston Rockets,2026-03-21,HOU vs. MIA,Εντός Έδρας,Miami Heat,Μεσαία,35,16,0.457
San Antonio Spurs,2026-03-21,SAS vs. IND,Εντός Έδρας,Indiana Pacers,Αδύναμη,34,13,0.382
Charlotte Hornets,2026-03-21,CHA vs. MEM,Εντός Έδρας,Memphis Grizzlies,Αδύναμη,43,18,0.419
Philadelphia 76ers,2026-03-21,PHI @ UTA,Εκτός Έδρας,Utah Jazz,Αδύναμη,27,6,0.222
Los Angeles Lakers,2026-03-21,LAL @ ORL,Εκτός Έδρας,Orlando Magic,Μεσαία,32,8,0.25
Cleveland Cavaliers,2026-03-21,CLE @ NOP,Εκτός Έδρας,New Orleans Pelicans,Αδύναμη,39,12,0.308
Orlando Magic,2026-03-21,ORL vs. LAL,Εντός Έδρας,Los Angeles Lakers,Κορυφαία,37,11,0.297
Indiana Pacers,2026-03-21,IND @ SAS,Εκτός Έδρας,San Antonio Spurs,Κορυφαία,35,16,0.457
Oklahoma City Thunder,2026-03-21,OKC @ WAS,Εκτός Έδρας,Washington Wizards,Αδύναμη,30,11,0.367
Utah Jazz,2026-03-21,UTA vs. PHI,Εντός Έδρας,Philadelphia 76ers,Μεσαία,40,9,0.225
Brooklyn Nets,2026-03-20,BKN vs. NYK,Εντός Έδρας,New York Knicks,Κορυφαία,38,14,0.368
Atlanta Hawks,2026-03-20,ATL @ HOU,Εκτός Έδρας,Houston Rockets,Κορυφαία,35,9,0.257
Houston Rockets,2026-03-20,HOU vs. ATL,Εντός Έδρας,Atlanta Hawks,Μεσαία,30,14,0.467
Golden State Warriors,2026-03-20,GSW @ DET,Εκτός Έδρας,Detroit Pistons,Κορυφαία,33,12,0.364
Portland Trail Blazers,2026-03-20,POR @ MIN,Εκτός Έδρας,Minnesota Timberwolves,Κορυφαία,37,9,0.243
New York Knicks,2026-03-20,NYK @ BKN,Εκτός Έδρας,Brooklyn Nets,Αδύναμη,29,8,0.276
Minnesota Timberwolves,2026-03-20,MIN vs. POR,Εντός Έδρας,Portland Trail Blazers,Μεσαία,28,9,0.321
Detroit Pistons,2026-03-20,DET vs. GSW,Εντός Έδρας,Golden State Warriors,Μεσαία,21,5,0.238
Memphis Grizzlies,2026-03-20,MEM vs. BOS,Εντός Έδρας,Boston Celtics,Κορυφαία,43,14,0.326
Denver Nuggets,2026-03-20,DEN vs. TOR,Εντός Έδρας,Toronto Raptors,Μεσαία,30,14,0.467
Boston Celtics,2026-03-20,BOS @ MEM,Εκτός Έδρας,Memphis Grizzlies,Αδύναμη,42,11,0.262
Toronto Raptors,2026-03-20,TOR @ DEN,Εκτός Έδρας,Denver Nuggets,Κορυφαία,31,10,0.323
Philadelphia 76ers,2026-03-19,PHI @ SAC,Εκτός Έδρας,Sacramento Kings,Αδύναμη,36,17,0.472
Miami Heat,2026-03-19,MIA vs. LAL,Εντός Έδρας,Los Angeles Lakers,Κορυφαία,38,12,0.316
LA Clippers,2026-03-19,LAC @ NOP,Εκτός Έδρας,New Orleans Pelicans,Αδύναμη,32,10,0.313
Los Angeles Lakers,2026-03-19,LAL @ MIA,Εκτός Έδρας,Miami Heat,Μεσαία,32,14,0.438
Sacramento Kings,2026-03-19,SAC vs. PHI,Εντός Έδρας,Philadelphia 76ers,Μεσαία,32,12,0.375
Milwaukee Bucks,2026-03-19,MIL @ UTA,Εκτός Έδρας,Utah Jazz,Αδύναμη,44,15,0.341
Washington Wizards,2026-03-19,WAS vs. DET,Εντός Έδρας,Detroit Pistons,Κορυφαία,38,15,0.395
Charlotte Hornets,2026-03-19,CHA vs. ORL,Εντός Έδρας,Orlando Magic,Μεσαία,46,22,0.478
Orlando Magic,2026-03-19,ORL @ CHA,Εκτός Έδρας,Charlotte Hornets,Μεσαία,42,14,0.333
New Orleans Pelicans,2026-03-19,NOP vs. LAC,Εντός Έδρας,LA Clippers,Μεσαία,34,13,0.382
San Antonio Spurs,2026-03-19,SAS vs. PHX,Εντός Έδρας,Phoenix Suns,Μεσαία,34,10,0.294
Chicago Bulls,2026-03-19,CHI vs. CLE,Εντός Έδρας,Cleveland Cavaliers,Κορυφαία,44,15,0.341
Utah Jazz,2026-03-19,UTA vs. MIL,Εντός Έδρας,Milwaukee Bucks,Αδύναμη,48,18,0.375
Detroit Pistons,2026-03-19,DET @ WAS,Εκτός Έδρας,Washington Wizards,Αδύναμη,30,9,0.3
Cleveland Cavaliers,2026-03-19,CLE @ CHI,Εκτός Έδρας,Chicago Bulls,Αδύναμη,41,14,0.341
Phoenix Suns,2026-03-19,PHX @ SAS,Εκτός Έδρας,San Antonio Spurs,Κορυφαία,36,11,0.306
Houston Rockets,2026-03-18,HOU vs. LAL,Εντός Έδρας,Los Angeles Lakers,Κορυφαία,32,11,0.344
Los Angeles Lakers,2026-03-18,LAL @ HOU,Εκτός Έδρας,Houston Rockets,Κορυφαία,32,15,0.469
LA Clippers,2026-03-18,LAC @ NOP,Εκτός Έδρας,New Orleans Pelicans,Αδύναμη,31,9,0.29
Atlanta Hawks,2026-03-18,ATL @ DAL,Εκτός Έδρας,Dallas Mavericks,Αδύναμη,35,14,0.4
Indiana Pacers,2026-03-18,IND vs. POR,Εντός Έδρας,Portland Trail Blazers,Μεσαία,27,12,0.444
Utah Jazz,2026-03-18,UTA @ MIN,Εκτός Έδρας,Minnesota Timberwolves,Κορυφαία,39,13,0.333
Minnesota Timberwolves,2026-03-18,MIN vs. UTA,Εντός Έδρας,Utah Jazz,Αδύναμη,39,18,0.462
New Orleans Pelicans,2026-03-18,NOP vs. LAC,Εντός Έδρας,LA Clippers,Μεσαία,37,16,0.432
Boston Celtics,2026-03-18,BOS vs. GSW,Εντός Έδρας,Golden State Warriors,Μεσαία,39,14,0.359
Denver Nuggets,2026-03-18,DEN @ MEM,Εκτός Έδρας,Memphis Grizzlies,Αδύναμη,36,13,0.361
Memphis Grizzlies,2026-03-18,MEM vs. DEN,Εντός Έδρας,Denver Nuggets,Κορυφαία,49,16,0.327
Golden State Warriors,2026-03-18,GSW @ BOS,Εκτός Έδρας,Boston Celtics,Κορυφαία,43,10,0.233
Dallas Mavericks,2026-03-18,DAL vs. ATL,Εντός Έδρας,Atlanta Hawks,Μεσαία,28,11,0.393
Chicago Bulls,2026-03-18,CHI vs. TOR,Εντός Έδρας,Toronto Raptors,Μεσαία,31,9,0.29
Toronto Raptors,2026-03-18,TOR @ CHI,Εκτός Έδρας,Chicago Bulls,Αδύναμη,33,14,0.424
Portland Trail Blazers,2026-03-18,POR @ IND,Εκτός Έδρας,Indiana Pacers,Αδύναμη,46,16,0.348
Brooklyn Nets,2026-03-18,BKN vs. OKC,Εντός Έδρας,Oklahoma City Thunder,Κορυφαία,35,11,0.314
Oklahoma City Thunder,2026-03-18,OKC @ BKN,Εκτός Έδρας,Brooklyn Nets,Αδύναμη,35,14,0.4
Milwaukee Bucks,2026-03-17,MIL vs. CLE,Εντός Έδρας,Cleveland Cavaliers,Κορυφαία,45,20,0.444
New York Knicks,2026-03-17,NYK vs. IND,Εντός Έδρας,Indiana Pacers,Αδύναμη,41,18,0.439
Phoenix Suns,2026-03-17,PHX @ MIN,Εκτός Έδρας,Minnesota Timberwolves,Κορυφαία,37,13,0.351
Washington Wizards,2026-03-17,WAS vs. DET,Εντός Έδρας,Detroit Pistons,Κορυφαία,37,16,0.432
Miami Heat,2026-03-17,MIA @ CHA,Εκτός Έδρας,Charlotte Hornets,Μεσαία,36,7,0.194
Orlando Magic,2026-03-17,ORL vs. OKC,Εντός Έδρας,Oklahoma City Thunder,Κορυφαία,50,17,0.34
Oklahoma City Thunder,2026-03-17,OKC @ ORL,Εκτός Έδρας,Orlando Magic,Μεσαία,29,9,0.31
Denver Nuggets,2026-03-17,DEN vs. PHI,Εντός Έδρας,Philadelphia 76ers,Μεσαία,33,16,0.485
Indiana Pacers,2026-03-17,IND @ NYK,Εκτός Έδρας,New York Knicks,Κορυφαία,38,17,0.447
Philadelphia 76ers,2026-03-17,PHI @ DEN,Εκτός Έδρας,Denver Nuggets,Κορυφαία,41,9,0.22
Detroit Pistons,2026-03-17,DET @ WAS,Εκτός Έδρας,Washington Wizards,Αδύναμη,27,11,0.407
Sacramento Kings,2026-03-17,SAC vs. SAS,Εντός Έδρας,San Antonio Spurs,Κορυφαία,36,14,0.389
San Antonio Spurs,2026-03-17,SAS @ SAC,Εκτός Έδρας,Sacramento Kings,Αδύναμη,49,25,0.51
Minnesota Timberwolves,2026-03-17,MIN vs. PHX,Εντός Έδρας,Phoenix Suns,Μεσαία,28,9,0.321
Charlotte Hornets,2026-03-17,CHA vs. MIA,Εντός Έδρας,Miami Heat,Μεσαία,42,17,0.405
Cleveland Cavaliers,2026-03-17,CLE @ MIL,Εκτός Έδρας,Milwaukee Bucks,Αδύναμη,36,12,0.333
Memphis Grizzlies,2026-03-16,MEM @ CHI,Εκτός Έδρας,Chicago Bulls,Αδύναμη,39,14,0.359
LA Clippers,2026-03-16,LAC vs. SAS,Εντός Έδρας,San Antonio Spurs,Κορυφαία,29,11,0.379
Golden State Warriors,2026-03-16,GSW @ WAS,Εκτός Έδρας,Washington Wizards,Αδύναμη,32,9,0.281
Orlando Magic,2026-03-16,ORL @ ATL,Εκτός Έδρας,Atlanta Hawks,Μεσαία,43,14,0.326
Washington Wizards,2026-03-16,WAS vs. GSW,Εντός Έδρας,Golden State Warriors,Μεσαία,34,13,0.382
Boston Celtics,2026-03-16,BOS vs. PHX,Εντός Έδρας,Phoenix Suns,Μεσαία,40,17,0.425
Atlanta Hawks,2026-03-16,ATL vs. ORL,Εντός Έδρας,Orlando Magic,Μεσαία,40,16,0.4
Phoenix Suns,2026-03-16,PHX @ BOS,Εκτός Έδρας,Boston Celtics,Κορυφαία,40,13,0.325
New Orleans Pelicans,2026-03-16,NOP vs. DAL,Εντός Έδρας,Dallas Mavericks,Αδύναμη,35,11,0.314
Chicago Bulls,2026-03-16,CHI vs. MEM,Εντός Έδρας,Memphis Grizzlies,Αδύναμη,48,18,0.375
San Antonio Spurs,2026-03-16,SAS @ LAC,Εκτός Έδρας,LA Clippers,Μεσαία,36,10,0.278
Dallas Mavericks,2026-03-16,DAL @ NOP,Εκτός Έδρας,New Orleans Pelicans,Αδύναμη,39,14,0.359
Los Angeles Lakers,2026-03-16,LAL @ HOU,Εκτός Έδρας,Houston Rockets,Κορυφαία,34,8,0.235
Portland Trail Blazers,2026-03-16,POR @ BKN,Εκτός Έδρας,Brooklyn Nets,Αδύναμη,26,11,0.423
Houston Rockets,2026-03-16,HOU vs. LAL,Εντός Έδρας,Los Angeles Lakers,Κορυφαία,26,5,0.192
Brooklyn Nets,2026-03-16,BKN vs. POR,Εντός Έδρας,Portland Trail Blazers,Μεσαία,34,9,0.265
Philadelphia 76ers,2026-03-15,PHI vs. POR,Εντός Έδρας,Portland Trail Blazers,Μεσαία,25,7,0.28
Minnesota Timberwolves,2026-03-15,MIN @ OKC,Εκτός Έδρας,Oklahoma City Thunder,Κορυφαία,33,15,0.455
Cleveland Cavaliers,2026-03-15,CLE vs. DAL,Εντός Έδρας,Dallas Mavericks,Αδύναμη,41,16,0.39
Indiana Pacers,2026-03-15,IND @ MIL,Εκτός Έδρας,Milwaukee Bucks,Αδύναμη,42,21,0.5
New York Knicks,2026-03-15,NYK vs. GSW,Εντός Έδρας,Golden State Warriors,Μεσαία,32,10,0.313
Golden State Warriors,2026-03-15,GSW @ NYK,Εκτός Έδρας,New York Knicks,Κορυφαία,38,14,0.368
Detroit Pistons,2026-03-15,DET @ TOR,Εκτός Έδρας,Toronto Raptors,Μεσαία,26,10,0.385
Sacramento Kings,2026-03-15,SAC vs. UTA,Εντός Έδρας,Utah Jazz,Αδύναμη,36,11,0.306
Toronto Raptors,2026-03-15,TOR vs. DET,Εντός Έδρας,Detroit Pistons,Κορυφαία,28,8,0.286
Oklahoma City Thunder,2026-03-15,OKC vs. MIN,Εντός Έδρας,Minnesota Timberwolves,Κορυφαία,40,15,0.375
Portland Trail Blazers,2026-03-15,POR @ PHI,Εκτός Έδρας,Philadelphia 76ers,Μεσαία,53,17,0.321
Dallas Mavericks,2026-03-15,DAL @ CLE,Εκτός Έδρας,Cleveland Cavaliers,Κορυφαία,30,15,0.5
Milwaukee Bucks,2026-03-15,MIL vs. IND,Εντός Έδρας,Indiana Pacers,Αδύναμη,44,23,0.523
Utah Jazz,2026-03-15,UTA @ SAC,Εκτός Έδρας,Sacramento Kings,Αδύναμη,36,12,0.333
Philadelphia 76ers,2026-03-14,PHI vs. BKN,Εντός Έδρας,Brooklyn Nets,Αδύναμη,25,3,0.12
Los Angeles Lakers,2026-03-14,LAL vs. DEN,Εντός Έδρας,Denver Nuggets,Κορυφαία,42,14,0.333
LA Clippers,2026-03-14,LAC vs. SAC,Εντός Έδρας,Sacramento Kings,Αδύναμη,27,9,0.333
Milwaukee Bucks,2026-03-14,MIL @ ATL,Εκτός Έδρας,Atlanta Hawks,Μεσαία,37,12,0.324
Orlando Magic,2026-03-14,ORL @ MIA,Εκτός Έδρας,Miami Heat,Μεσαία,32,10,0.313
San Antonio Spurs,2026-03-14,SAS vs. CHA,Εντός Έδρας,Charlotte Hornets,Μεσαία,33,11,0.333
Charlotte Hornets,2026-03-14,CHA @ SAS,Εκτός Έδρας,San Antonio Spurs,Κορυφαία,54,18,0.333
Denver Nuggets,2026-03-14,DEN @ LAL,Εκτός Έδρας,Los Angeles Lakers,Κορυφαία,49,19,0.388
Miami Heat,2026-03-14,MIA vs. ORL,Εντός Έδρας,Orlando Magic,Μεσαία,38,12,0.316
Boston Celtics,2026-03-14,BOS vs. WAS,Εντός Έδρας,Washington Wizards,Αδύναμη,46,12,0.261
Atlanta Hawks,2026-03-14,ATL vs. MIL,Εντός Έδρας,Milwaukee Bucks,Αδύναμη,38,14,0.368
Sacramento Kings,2026-03-14,SAC @ LAC,Εκτός Έδρας,LA Clippers,Μεσαία,27,12,0.444
Washington Wizards,2026-03-14,WAS @ BOS,Εκτός Έδρας,Boston Celtics,Κορυφαία,39,15,0.385
Brooklyn Nets,2026-03-14,BKN @ PHI,Εκτός Έδρας,Philadelphia 76ers,Μεσαία,43,15,0.349
Detroit Pistons,2026-03-13,DET vs. MEM,Εντός Έδρας,Memphis Grizzlies,Αδύναμη,35,12,0.343
Cleveland Cavaliers,2026-03-13,CLE @ DAL,Εκτός Έδρας,Dallas Mavericks,Αδύναμη,38,18,0.474
LA Clippers,2026-03-13,LAC vs. CHI,Εντός Έδρας,Chicago Bulls,Αδύναμη,32,9,0.281
Dallas Mavericks,2026-03-13,DAL vs. CLE,Εντός Έδρας,Cleveland Cavaliers,Κορυφαία,33,9,0.273
Houston Rockets,2026-03-13,HOU vs. NOP,Εντός Έδρας,New Orleans Pelicans,Αδύναμη,41,14,0.341
Toronto Raptors,2026-03-13,TOR vs. PHX,Εντός Έδρας,Phoenix Suns,Μεσαία,27,14,0.519
Golden State Warriors,2026-03-13,GSW vs. MIN,Εντός Έδρας,Minnesota Timberwolves,Κορυφαία,48,15,0.313
New York Knicks,2026-03-13,NYK @ IND,Εκτός Έδρας,Indiana Pacers,Αδύναμη,28,8,0.286
Utah Jazz,2026-03-13,UTA @ POR,Εκτός Έδρας,Portland Trail Blazers,Μεσαία,30,13,0.433
Memphis Grizzlies,2026-03-13,MEM @ DET,Εκτός Έδρας,Detroit Pistons,Κορυφαία,41,15,0.366
Phoenix Suns,2026-03-13,PHX @ TOR,Εκτός Έδρας,Toronto Raptors,Μεσαία,42,18,0.429
Portland Trail Blazers,2026-03-13,POR vs. UTA,Εντός Έδρας,Utah Jazz,Αδύναμη,46,17,0.37
Indiana Pacers,2026-03-13,IND vs. NYK,Εντός Έδρας,New York Knicks,Κορυφαία,38,10,0.263
Chicago Bulls,2026-03-13,CHI @ LAC,Εκτός Έδρας,LA Clippers,Μεσαία,41,12,0.293
Minnesota Timberwolves,2026-03-13,MIN @ GSW,Εκτός Έδρας,Golden State Warriors,Μεσαία,30,12,0.4
New Orleans Pelicans,2026-03-13,NOP @ HOU,Εκτός Έδρας,Houston Rockets,Κορυφαία,32,13,0.406
Detroit Pistons,2026-03-12,DET vs. PHI,Εντός Έδρας,Philadelphia 76ers,Μεσαία,35,14,0.4
Philadelphia 76ers,2026-03-12,PHI @ DET,Εκτός Έδρας,Detroit Pistons,Κορυφαία,35,8,0.229
Miami Heat,2026-03-12,MIA vs. MIL,Εντός Έδρας,Milwaukee Bucks,Αδύναμη,41,14,0.341
Orlando Magic,2026-03-12,ORL vs. WAS,Εντός Έδρας,Washington Wizards,Αδύναμη,34,15,0.441
Denver Nuggets,2026-03-12,DEN @ SAS,Εκτός Έδρας,San Antonio Spurs,Κορυφαία,36,12,0.333
Washington Wizards,2026-03-12,WAS @ ORL,Εκτός Έδρας,Orlando Magic,Μεσαία,46,14,0.304
Memphis Grizzlies,2026-03-12,MEM vs. DAL,Εντός Έδρας,Dallas Mavericks,Αδύναμη,48,14,0.292
Milwaukee Bucks,2026-03-12,MIL @ MIA,Εκτός Έδρας,Miami Heat,Μεσαία,26,9,0.346
Chicago Bulls,2026-03-12,CHI @ LAL,Εκτός Έδρας,Los Angeles Lakers,Κορυφαία,36,15,0.417
Atlanta Hawks,2026-03-12,ATL vs. BKN,Εντός Έδρας,Brooklyn Nets,Αδύναμη,40,12,0.3
Indiana Pacers,2026-03-12,IND vs. PHX,Εντός Έδρας,Phoenix Suns,Μεσαία,40,12,0.3
Los Angeles Lakers,2026-03-12,LAL vs. CHI,Εντός Έδρας,Chicago Bulls,Αδύναμη,36,17,0.472
San Antonio Spurs,2026-03-12,SAS vs. DEN,Εντός Έδρας,Denver Nuggets,Κορυφαία,47,19,0.404
Oklahoma City Thunder,2026-03-12,OKC vs. BOS,Εντός Έδρας,Boston Celtics,Κορυφαία,44,11,0.25
Dallas Mavericks,2026-03-12,DAL @ MEM,Εκτός Έδρας,Memphis Grizzlies,Αδύναμη,32,11,0.344
Brooklyn Nets,2026-03-12,BKN @ ATL,Εκτός Έδρας,Atlanta Hawks,Μεσαία,35,12,0.343
Phoenix Suns,2026-03-12,PHX @ IND,Εκτός Έδρας,Indiana Pacers,Αδύναμη,32,13,0.406
Boston Celtics,2026-03-12,BOS @ OKC,Εκτός Έδρας,Oklahoma City Thunder,Κορυφαία,42,13,0.31
Denver Nuggets,2026-03-11,DEN vs. HOU,Εντός Έδρας,Houston Rockets,Κορυφαία,32,17,0.531
Sacramento Kings,2026-03-11,SAC vs. CHA,Εντός Έδρας,Charlotte Hornets,Μεσαία,25,8,0.32
Minnesota Timberwolves,2026-03-11,MIN @ LAC,Εκτός Έδρας,LA Clippers,Μεσαία,25,11,0.44
New York Knicks,2026-03-11,NYK @ UTA,Εκτός Έδρας,Utah Jazz,Αδύναμη,40,17,0.425
Charlotte Hornets,2026-03-11,CHA @ SAC,Εκτός Έδρας,Sacramento Kings,Αδύναμη,40,19,0.475
Toronto Raptors,2026-03-11,TOR @ NOP,Εκτός Έδρας,New Orleans Pelicans,Αδύναμη,44,14,0.318
LA Clippers,2026-03-11,LAC vs. MIN,Εντός Έδρας,Minnesota Timberwolves,Κορυφαία,37,19,0.514
Orlando Magic,2026-03-11,ORL vs. CLE,Εντός Έδρας,Cleveland Cavaliers,Κορυφαία,35,12,0.343
New Orleans Pelicans,2026-03-11,NOP vs. TOR,Εντός Έδρας,Toronto Raptors,Μεσαία,29,14,0.483
Cleveland Cavaliers,2026-03-11,CLE @ ORL,Εκτός Έδρας,Orlando Magic,Μεσαία,44,17,0.386
Utah Jazz,2026-03-11,UTA vs. NYK,Εντός Έδρας,New York Knicks,Κορυφαία,36,18,0.5
Houston Rockets,2026-03-11,HOU @ DEN,Εκτός Έδρας,Denver Nuggets,Κορυφαία,33,4,0.121
Atlanta Hawks,2026-03-10,ATL vs. DAL,Εντός Έδρας,Dallas Mavericks,Αδύναμη,36,14,0.389
Charlotte Hornets,2026-03-10,CHA @ POR,Εκτός Έδρας,Portland Trail Blazers,Μεσαία,38,14,0.368
Philadelphia 76ers,2026-03-10,PHI vs. MEM,Εντός Έδρας,Memphis Grizzlies,Αδύναμη,31,11,0.355
Milwaukee Bucks,2026-03-10,MIL vs. PHX,Εντός Έδρας,Phoenix Suns,Μεσαία,38,16,0.421
Golden State Warriors,2026-03-10,GSW vs. CHI,Εντός Έδρας,Chicago Bulls,Αδύναμη,54,20,0.37
Boston Celtics,2026-03-10,BOS @ SAS,Εκτός Έδρας,San Antonio Spurs,Κορυφαία,51,19,0.373
Sacramento Kings,2026-03-10,SAC vs. IND,Εντός Έδρας,Indiana Pacers,Αδύναμη,20,7,0.35
Indiana Pacers,2026-03-10,IND @ SAC,Εκτός Έδρας,Sacramento Kings,Αδύναμη,43,13,0.302
San Antonio Spurs,2026-03-10,SAS vs. BOS,Εντός Έδρας,Boston Celtics,Κορυφαία,47,20,0.426
Detroit Pistons,2026-03-10,DET @ BKN,Εκτός Έδρας,Brooklyn Nets,Αδύναμη,31,16,0.516
Washington Wizards,2026-03-10,WAS @ MIA,Εκτός Έδρας,Miami Heat,Μεσαία,36,15,0.417
Miami Heat,2026-03-10,MIA vs. WAS,Εντός Έδρας,Washington Wizards,Αδύναμη,43,13,0.302
Chicago Bulls,2026-03-10,CHI @ GSW,Εκτός Έδρας,Golden State Warriors,Μεσαία,47,15,0.319
Brooklyn Nets,2026-03-10,BKN vs. DET,Εντός Έδρας,Detroit Pistons,Κορυφαία,38,13,0.342
Memphis Grizzlies,2026-03-10,MEM @ PHI,Εκτός Έδρας,Philadelphia 76ers,Μεσαία,43,17,0.395
Los Angeles Lakers,2026-03-10,LAL vs. MIN,Εντός Έδρας,Minnesota Timberwolves,Κορυφαία,38,11,0.289
Portland Trail Blazers,2026-03-10,POR vs. CHA,Εντός Έδρας,Charlotte Hornets,Μεσαία,42,16,0.381
Houston Rockets,2026-03-10,HOU vs. TOR,Εντός Έδρας,Toronto Raptors,Μεσαία,24,10,0.417
Dallas Mavericks,2026-03-10,DAL @ ATL,Εκτός Έδρας,Atlanta Hawks,Μεσαία,32,13,0.406
Minnesota Timberwolves,2026-03-10,MIN @ LAL,Εκτός Έδρας,Los Angeles Lakers,Κορυφαία,40,10,0.25
Toronto Raptors,2026-03-10,TOR @ HOU,Εκτός Έδρας,Houston Rockets,Κορυφαία,36,9,0.25
Phoenix Suns,2026-03-10,PHX @ MIL,Εκτός Έδρας,Milwaukee Bucks,Αδύναμη,51,24,0.471
Brooklyn Nets,2026-03-09,BKN vs. MEM,Εντός Έδρας,Memphis Grizzlies,Αδύναμη,33,17,0.515
LA Clippers,2026-03-09,LAC vs. NYK,Εντός Έδρας,New York Knicks,Κορυφαία,39,18,0.462
Oklahoma City Thunder,2026-03-09,OKC vs. DEN,Εντός Έδρας,Denver Nuggets,Κορυφαία,47,19,0.404
Utah Jazz,2026-03-09,UTA vs. GSW,Εντός Έδρας,Golden State Warriors,Μεσαία,34,12,0.353
Cleveland Cavaliers,2026-03-09,CLE vs. PHI,Εντός Έδρας,Philadelphia 76ers,Μεσαία,44,16,0.364
New York Knicks,2026-03-09,NYK @ LAC,Εκτός Έδρας,LA Clippers,Μεσαία,40,14,0.35
Golden State Warriors,2026-03-09,GSW @ UTA,Εκτός Έδρας,Utah Jazz,Αδύναμη,52,16,0.308
Denver Nuggets,2026-03-09,DEN @ OKC,Εκτός Έδρας,Oklahoma City Thunder,Κορυφαία,37,15,0.405
Philadelphia 76ers,2026-03-09,PHI @ CLE,Εκτός Έδρας,Cleveland Cavaliers,Κορυφαία,38,11,0.289
Memphis Grizzlies,2026-03-09,MEM @ BKN,Εκτός Έδρας,Brooklyn Nets,Αδύναμη,35,14,0.4
Washington Wizards,2026-03-08,WAS @ NOP,Εκτός Έδρας,New Orleans Pelicans,Αδύναμη,42,14,0.333
Boston Celtics,2026-03-08,BOS @ CLE,Εκτός Έδρας,Cleveland Cavaliers,Κορυφαία,38,15,0.395
New Orleans Pelicans,2026-03-08,NOP vs. WAS,Εντός Έδρας,Washington Wizards,Αδύναμη,23,7,0.304
Milwaukee Bucks,2026-03-08,MIL vs. ORL,Εντός Έδρας,Orlando Magic,Μεσαία,44,13,0.295
Houston Rockets,2026-03-08,HOU @ SAS,Εκτός Έδρας,San Antonio Spurs,Κορυφαία,28,8,0.286
Indiana Pacers,2026-03-08,IND @ POR,Εκτός Έδρας,Portland Trail Blazers,Μεσαία,42,14,0.333
Phoenix Suns,2026-03-08,PHX vs. CHA,Εντός Έδρας,Charlotte Hornets,Μεσαία,41,16,0.39
Dallas Mavericks,2026-03-08,DAL @ TOR,Εκτός Έδρας,Toronto Raptors,Μεσαία,30,5,0.167
Orlando Magic,2026-03-08,ORL @ MIL,Εκτός Έδρας,Milwaukee Bucks,Αδύναμη,33,14,0.424
Charlotte Hornets,2026-03-08,CHA @ PHX,Εκτός Έδρας,Phoenix Suns,Μεσαία,45,15,0.333
Toronto Raptors,2026-03-08,TOR vs. DAL,Εντός Έδρας,Dallas Mavericks,Αδύναμη,36,10,0.278
Cleveland Cavaliers,2026-03-08,CLE vs. BOS,Εντός Έδρας,Boston Celtics,Κορυφαία,45,13,0.289
San Antonio Spurs,2026-03-08,SAS vs. HOU,Εντός Έδρας,Houston Rockets,Κορυφαία,40,21,0.525
Portland Trail Blazers,2026-03-08,POR vs. IND,Εντός Έδρας,Indiana Pacers,Αδύναμη,41,15,0.366
Sacramento Kings,2026-03-08,SAC vs. CHI,Εντός Έδρας,Chicago Bulls,Αδύναμη,29,11,0.379
Chicago Bulls,2026-03-08,CHI @ SAC,Εκτός Έδρας,Sacramento Kings,Αδύναμη,45,17,0.378
Miami Heat,2026-03-08,MIA vs. DET,Εντός Έδρας,Detroit Pistons,Κορυφαία,33,12,0.364
Los Angeles Lakers,2026-03-08,LAL vs. NYK,Εντός Έδρας,New York Knicks,Κορυφαία,44,15,0.341
New York Knicks,2026-03-08,NYK @ LAL,Εκτός Έδρας,Los Angeles Lakers,Κορυφαία,34,8,0.235
Detroit Pistons,2026-03-08,DET @ MIA,Εκτός Έδρας,Miami Heat,Μεσαία,37,11,0.297
Philadelphia 76ers,2026-03-07,PHI @ ATL,Εκτός Έδρας,Atlanta Hawks,Μεσαία,26,10,0.385
Memphis Grizzlies,2026-03-07,MEM vs. LAC,Εντός Έδρας,LA Clippers,Μεσαία,43,16,0.372
Golden State Warriors,2026-03-07,GSW @ OKC,Εκτός Έδρας,Oklahoma City Thunder,Κορυφαία,45,14,0.311
Orlando Magic,2026-03-07,ORL @ MIN,Εκτός Έδρας,Minnesota Timberwolves,Κορυφαία,34,9,0.265
Utah Jazz,2026-03-07,UTA @ MIL,Εκτός Έδρας,Milwaukee Bucks,Αδύναμη,49,12,0.245
LA Clippers,2026-03-07,LAC @ MEM,Εκτός Έδρας,Memphis Grizzlies,Αδύναμη,17,4,0.235
Milwaukee Bucks,2026-03-07,MIL vs. UTA,Εντός Έδρας,Utah Jazz,Αδύναμη,44,15,0.341
Atlanta Hawks,2026-03-07,ATL vs. PHI,Εντός Έδρας,Philadelphia 76ers,Μεσαία,32,13,0.406
Oklahoma City Thunder,2026-03-07,OKC vs. GSW,Εντός Έδρας,Golden State Warriors,Μεσαία,42,15,0.357
Detroit Pistons,2026-03-07,DET vs. BKN,Εντός Έδρας,Brooklyn Nets,Αδύναμη,26,10,0.385
Minnesota Timberwolves,2026-03-07,MIN vs. ORL,Εντός Έδρας,Orlando Magic,Μεσαία,40,9,0.225
Brooklyn Nets,2026-03-07,BKN @ DET,Εκτός Έδρας,Detroit Pistons,Κορυφαία,30,10,0.333
Houston Rockets,2026-03-06,HOU vs. POR,Εντός Έδρας,Portland Trail Blazers,Μεσαία,19,5,0.263
Charlotte Hornets,2026-03-06,CHA vs. MIA,Εντός Έδρας,Miami Heat,Μεσαία,52,19,0.365
Indiana Pacers,2026-03-06,IND @ LAL,Εκτός Έδρας,Los Angeles Lakers,Κορυφαία,35,8,0.229
New Orleans Pelicans,2026-03-06,NOP @ PHX,Εκτός Έδρας,Phoenix Suns,Μεσαία,28,10,0.357
Phoenix Suns,2026-03-06,PHX vs. NOP,Εντός Έδρας,New Orleans Pelicans,Αδύναμη,58,20,0.345
Portland Trail Blazers,2026-03-06,POR @ HOU,Εκτός Έδρας,Houston Rockets,Κορυφαία,39,12,0.308
San Antonio Spurs,2026-03-06,SAS vs. LAC,Εντός Έδρας,LA Clippers,Μεσαία,41,17,0.415
Miami Heat,2026-03-06,MIA @ CHA,Εκτός Έδρας,Charlotte Hornets,Μεσαία,38,18,0.474
LA Clippers,2026-03-06,LAC @ SAS,Εκτός Έδρας,San Antonio Spurs,Κορυφαία,33,12,0.364
New York Knicks,2026-03-06,NYK @ DEN,Εκτός Έδρας,Denver Nuggets,Κορυφαία,34,16,0.471
Denver Nuggets,2026-03-06,DEN vs. NYK,Εντός Έδρας,New York Knicks,Κορυφαία,40,8,0.2
Dallas Mavericks,2026-03-06,DAL @ BOS,Εκτός Έδρας,Boston Celtics,Κορυφαία,35,14,0.4
Boston Celtics,2026-03-06,BOS vs. DAL,Εντός Έδρας,Dallas Mavericks,Αδύναμη,48,16,0.333
Los Angeles Lakers,2026-03-06,LAL vs. IND,Εντός Έδρας,Indiana Pacers,Αδύναμη,37,17,0.459
Chicago Bulls,2026-03-05,CHI @ PHX,Εκτός Έδρας,Phoenix Suns,Μεσαία,28,7,0.25
Detroit Pistons,2026-03-05,DET @ SAS,Εκτός Έδρας,San Antonio Spurs,Κορυφαία,28,12,0.429
Golden State Warriors,2026-03-05,GSW @ HOU,Εκτός Έδρας,Houston Rockets,Κορυφαία,38,14,0.368
Utah Jazz,2026-03-05,UTA @ WAS,Εκτός Έδρας,Washington Wizards,Αδύναμη,35,15,0.429
Phoenix Suns,2026-03-05,PHX vs. CHI,Εντός Έδρας,Chicago Bulls,Αδύναμη,46,13,0.283
Brooklyn Nets,2026-03-05,BKN @ MIA,Εκτός Έδρας,Miami Heat,Μεσαία,41,16,0.39
Washington Wizards,2026-03-05,WAS vs. UTA,Εντός Έδρας,Utah Jazz,Αδύναμη,42,18,0.429
Houston Rockets,2026-03-05,HOU vs. GSW,Εντός Έδρας,Golden State Warriors,Μεσαία,34,14,0.412
Toronto Raptors,2026-03-05,TOR @ MIN,Εκτός Έδρας,Minnesota Timberwolves,Κορυφαία,21,9,0.429
Los Angeles Lakers,2026-03-05,LAL @ DEN,Εκτός Έδρας,Denver Nuggets,Κορυφαία,31,13,0.419
Sacramento Kings,2026-03-05,SAC vs. NOP,Εντός Έδρας,New Orleans Pelicans,Αδύναμη,31,8,0.258
Orlando Magic,2026-03-05,ORL vs. DAL,Εντός Έδρας,Dallas Mavericks,Αδύναμη,39,13,0.333
San Antonio Spurs,2026-03-05,SAS vs. DET,Εντός Έδρας,Detroit Pistons,Κορυφαία,37,13,0.351
New Orleans Pelicans,2026-03-05,NOP @ SAC,Εκτός Έδρας,Sacramento Kings,Αδύναμη,34,12,0.353
Miami Heat,2026-03-05,MIA vs. BKN,Εντός Έδρας,Brooklyn Nets,Αδύναμη,27,9,0.333
Minnesota Timberwolves,2026-03-05,MIN vs. TOR,Εντός Έδρας,Toronto Raptors,Μεσαία,31,13,0.419
Dallas Mavericks,2026-03-05,DAL @ ORL,Εκτός Έδρας,Orlando Magic,Μεσαία,32,14,0.438
Denver Nuggets,2026-03-05,DEN vs. LAL,Εντός Έδρας,Los Angeles Lakers,Κορυφαία,31,14,0.452
LA Clippers,2026-03-04,LAC vs. IND,Εντός Έδρας,Indiana Pacers,Αδύναμη,32,12,0.375
Memphis Grizzlies,2026-03-04,MEM vs. POR,Εντός Έδρας,Portland Trail Blazers,Μεσαία,32,14,0.438
Portland Trail Blazers,2026-03-04,POR @ MEM,Εκτός Έδρας,Memphis Grizzlies,Αδύναμη,43,15,0.349
Boston Celtics,2026-03-04,BOS vs. CHA,Εντός Έδρας,Charlotte Hornets,Μεσαία,36,10,0.278
Atlanta Hawks,2026-03-04,ATL @ MIL,Εκτός Έδρας,Milwaukee Bucks,Αδύναμη,45,20,0.444
Philadelphia 76ers,2026-03-04,PHI vs. UTA,Εντός Έδρας,Utah Jazz,Αδύναμη,35,9,0.257
Utah Jazz,2026-03-04,UTA @ PHI,Εκτός Έδρας,Philadelphia 76ers,Μεσαία,39,12,0.308
Charlotte Hornets,2026-03-04,CHA @ BOS,Εκτός Έδρας,Boston Celtics,Κορυφαία,49,19,0.388
New York Knicks,2026-03-04,NYK vs. OKC,Εντός Έδρας,Oklahoma City Thunder,Κορυφαία,35,10,0.286
Oklahoma City Thunder,2026-03-04,OKC @ NYK,Εκτός Έδρας,New York Knicks,Κορυφαία,42,16,0.381
Milwaukee Bucks,2026-03-04,MIL vs. ATL,Εντός Έδρας,Atlanta Hawks,Μεσαία,39,13,0.333
Indiana Pacers,2026-03-04,IND @ LAC,Εκτός Έδρας,LA Clippers,Μεσαία,36,10,0.278
Philadelphia 76ers,2026-03-03,PHI vs. SAS,Εντός Έδρας,San Antonio Spurs,Κορυφαία,42,10,0.238
New York Knicks,2026-03-03,NYK @ TOR,Εκτός Έδρας,Toronto Raptors,Μεσαία,29,10,0.345
Dallas Mavericks,2026-03-03,DAL @ CHA,Εκτός Έδρας,Charlotte Hornets,Μεσαία,22,3,0.136
Los Angeles Lakers,2026-03-03,LAL vs. NOP,Εντός Έδρας,New Orleans Pelicans,Αδύναμη,37,11,0.297
Oklahoma City Thunder,2026-03-03,OKC @ CHI,Εκτός Έδρας,Chicago Bulls,Αδύναμη,42,10,0.238
San Antonio Spurs,2026-03-03,SAS @ PHI,Εκτός Έδρας,Philadelphia 76ers,Μεσαία,45,18,0.4
Phoenix Suns,2026-03-03,PHX @ SAC,Εκτός Έδρας,Sacramento Kings,Αδύναμη,49,19,0.388
Orlando Magic,2026-03-03,ORL vs. WAS,Εντός Έδρας,Washington Wizards,Αδύναμη,25,10,0.4
Brooklyn Nets,2026-03-03,BKN @ MIA,Εκτός Έδρας,Miami Heat,Μεσαία,32,6,0.188
Chicago Bulls,2026-03-03,CHI vs. OKC,Εντός Έδρας,Oklahoma City Thunder,Κορυφαία,49,17,0.347
Charlotte Hornets,2026-03-03,CHA vs. DAL,Εντός Έδρας,Dallas Mavericks,Αδύναμη,51,20,0.392
Memphis Grizzlies,2026-03-03,MEM @ MIN,Εκτός Έδρας,Minnesota Timberwolves,Κορυφαία,38,15,0.395
Toronto Raptors,2026-03-03,TOR vs. NYK,Εντός Έδρας,New York Knicks,Κορυφαία,28,8,0.286
Washington Wizards,2026-03-03,WAS @ ORL,Εκτός Έδρας,Orlando Magic,Μεσαία,32,7,0.219
Sacramento Kings,2026-03-03,SAC vs. PHX,Εντός Έδρας,Phoenix Suns,Μεσαία,27,7,0.259
Detroit Pistons,2026-03-03,DET @ CLE,Εκτός Έδρας,Cleveland Cavaliers,Κορυφαία,24,9,0.375
Cleveland Cavaliers,2026-03-03,CLE vs. DET,Εντός Έδρας,Detroit Pistons,Κορυφαία,46,17,0.37
Miami Heat,2026-03-03,MIA vs. BKN,Εντός Έδρας,Brooklyn Nets,Αδύναμη,36,13,0.361
New Orleans Pelicans,2026-03-03,NOP @ LAL,Εκτός Έδρας,Los Angeles Lakers,Κορυφαία,29,8,0.276
Minnesota Timberwolves,2026-03-03,MIN vs. MEM,Εντός Έδρας,Memphis Grizzlies,Αδύναμη,34,10,0.294
Denver Nuggets,2026-03-02,DEN @ UTA,Εκτός Έδρας,Utah Jazz,Αδύναμη,39,16,0.41
Milwaukee Bucks,2026-03-02,MIL vs. BOS,Εντός Έδρας,Boston Celtics,Κορυφαία,36,13,0.361
Boston Celtics,2026-03-02,BOS @ MIL,Εκτός Έδρας,Milwaukee Bucks,Αδύναμη,50,20,0.4
Utah Jazz,2026-03-02,UTA vs. DEN,Εντός Έδρας,Denver Nuggets,Κορυφαία,39,15,0.385
Golden State Warriors,2026-03-02,GSW vs. LAC,Εντός Έδρας,LA Clippers,Μεσαία,48,17,0.354
Washington Wizards,2026-03-02,WAS vs. HOU,Εντός Έδρας,Houston Rockets,Κορυφαία,35,19,0.543
Houston Rockets,2026-03-02,HOU @ WAS,Εκτός Έδρας,Washington Wizards,Αδύναμη,25,9,0.36
LA Clippers,2026-03-02,LAC @ GSW,Εκτός Έδρας,Golden State Warriors,Μεσαία,31,9,0.29
LA Clippers,2026-03-01,LAC vs. NOP,Εντός Έδρας,New Orleans Pelicans,Αδύναμη,36,17,0.472
New Orleans Pelicans,2026-03-01,NOP @ LAC,Εκτός Έδρας,LA Clippers,Μεσαία,33,12,0.364
Atlanta Hawks,2026-03-01,ATL vs. POR,Εντός Έδρας,Portland Trail Blazers,Μεσαία,40,15,0.375
Minnesota Timberwolves,2026-03-01,MIN @ DEN,Εκτός Έδρας,Denver Nuggets,Κορυφαία,36,14,0.389
Boston Celtics,2026-03-01,BOS vs. PHI,Εντός Έδρας,Philadelphia 76ers,Μεσαία,49,16,0.327
Denver Nuggets,2026-03-01,DEN vs. MIN,Εντός Έδρας,Minnesota Timberwolves,Κορυφαία,22,6,0.273
Portland Trail Blazers,2026-03-01,POR @ ATL,Εκτός Έδρας,Atlanta Hawks,Μεσαία,37,13,0.351
New York Knicks,2026-03-01,NYK vs. SAS,Εντός Έδρας,San Antonio Spurs,Κορυφαία,48,17,0.354
Los Angeles Lakers,2026-03-01,LAL vs. SAC,Εντός Έδρας,Sacramento Kings,Αδύναμη,39,18,0.462
Milwaukee Bucks,2026-03-01,MIL @ CHI,Εκτός Έδρας,Chicago Bulls,Αδύναμη,46,13,0.283
Cleveland Cavaliers,2026-03-01,CLE @ BKN,Εκτός Έδρας,Brooklyn Nets,Αδύναμη,27,13,0.481
Chicago Bulls,2026-03-01,CHI vs. MIL,Εντός Έδρας,Milwaukee Bucks,Αδύναμη,49,18,0.367
San Antonio Spurs,2026-03-01,SAS @ NYK,Εκτός Έδρας,New York Knicks,Κορυφαία,34,9,0.265
Detroit Pistons,2026-03-01,DET @ ORL,Εκτός Έδρας,Orlando Magic,Μεσαία,30,4,0.133
Indiana Pacers,2026-03-01,IND vs. MEM,Εντός Έδρας,Memphis Grizzlies,Αδύναμη,39,15,0.385
Brooklyn Nets,2026-03-01,BKN vs. CLE,Εντός Έδρας,Cleveland Cavaliers,Κορυφαία,32,11,0.344
Memphis Grizzlies,2026-03-01,MEM @ IND,Εκτός Έδρας,Indiana Pacers,Αδύναμη,35,15,0.429
Oklahoma City Thunder,2026-03-01,OKC @ DAL,Εκτός Έδρας,Dallas Mavericks,Αδύναμη,39,8,0.205
Dallas Mavericks,2026-03-01,DAL vs. OKC,Εντός Έδρας,Oklahoma City Thunder,Κορυφαία,31,9,0.29
Sacramento Kings,2026-03-01,SAC @ LAL,Εκτός Έδρας,Los Angeles Lakers,Κορυφαία,26,6,0.231
Orlando Magic,2026-03-01,ORL vs. DET,Εντός Έδρας,Detroit Pistons,Κορυφαία,36,10,0.278
Philadelphia 76ers,2026-03-01,PHI @ BOS,Εκτός Έδρας,Boston Celtics,Κορυφαία,31,12,0.387
Charlotte Hornets,2026-02-28,CHA vs. POR,Εντός Έδρας,Portland Trail Blazers,Μεσαία,42,16,0.381
Golden State Warriors,2026-02-28,GSW vs. LAL,Εντός Έδρας,Los Angeles Lakers,Κορυφαία,44,12,0.273
Los Angeles Lakers,2026-02-28,LAL @ GSW,Εκτός Έδρας,Golden State Warriors,Μεσαία,41,19,0.463
Utah Jazz,2026-02-28,UTA vs. NOP,Εντός Έδρας,New Orleans Pelicans,Αδύναμη,43,12,0.279
Portland Trail Blazers,2026-02-28,POR @ CHA,Εκτός Έδρας,Charlotte Hornets,Μεσαία,47,11,0.234
Toronto Raptors,2026-02-28,TOR @ WAS,Εκτός Έδρας,Washington Wizards,Αδύναμη,22,9,0.409
Houston Rockets,2026-02-28,HOU @ MIA,Εκτός Έδρας,Miami Heat,Μεσαία,36,9,0.25
Miami Heat,2026-02-28,MIA vs. HOU,Εντός Έδρας,Houston Rockets,Κορυφαία,31,11,0.355
New Orleans Pelicans,2026-02-28,NOP @ UTA,Εκτός Έδρας,Utah Jazz,Αδύναμη,44,15,0.341
Washington Wizards,2026-02-28,WAS vs. TOR,Εντός Έδρας,Toronto Raptors,Μεσαία,34,16,0.471
Boston Celtics,2026-02-27,BOS vs. BKN,Εντός Έδρας,Brooklyn Nets,Αδύναμη,34,22,0.647
Cleveland Cavaliers,2026-02-27,CLE @ DET,Εκτός Έδρας,Detroit Pistons,Κορυφαία,35,13,0.371
Oklahoma City Thunder,2026-02-27,OKC vs. DEN,Εντός Έδρας,Denver Nuggets,Κορυφαία,35,12,0.343
Denver Nuggets,2026-02-27,DEN @ OKC,Εκτός Έδρας,Oklahoma City Thunder,Κορυφαία,48,18,0.375
Memphis Grizzlies,2026-02-27,MEM @ DAL,Εκτός Έδρας,Dallas Mavericks,Αδύναμη,32,12,0.375
Brooklyn Nets,2026-02-27,BKN @ BOS,Εκτός Έδρας,Boston Celtics,Κορυφαία,34,14,0.412
Detroit Pistons,2026-02-27,DET vs. CLE,Εντός Έδρας,Cleveland Cavaliers,Κορυφαία,27,6,0.222
Milwaukee Bucks,2026-02-27,MIL vs. NYK,Εντός Έδρας,New York Knicks,Κορυφαία,42,16,0.381
Dallas Mavericks,2026-02-27,DAL vs. MEM,Εντός Έδρας,Memphis Grizzlies,Αδύναμη,32,9,0.281
New York Knicks,2026-02-27,NYK @ MIL,Εκτός Έδρας,Milwaukee Bucks,Αδύναμη,42,21,0.5
Los Angeles Lakers,2026-02-26,LAL @ PHX,Εκτός Έδρας,Phoenix Suns,Μεσαία,29,11,0.379
Indiana Pacers,2026-02-26,IND vs. CHA,Εντός Έδρας,Charlotte Hornets,Μεσαία,35,11,0.314
Philadelphia 76ers,2026-02-26,PHI vs. MIA,Εντός Έδρας,Miami Heat,Μεσαία,43,17,0.395
Portland Trail Blazers,2026-02-26,POR @ CHI,Εκτός Έδρας,Chicago Bulls,Αδύναμη,46,10,0.217
Chicago Bulls,2026-02-26,CHI vs. POR,Εντός Έδρας,Portland Trail Blazers,Μεσαία,30,9,0.3
Sacramento Kings,2026-02-26,SAC @ DAL,Εκτός Έδρας,Dallas Mavericks,Αδύναμη,26,8,0.308
Miami Heat,2026-02-26,MIA @ PHI,Εκτός Έδρας,Philadelphia 76ers,Μεσαία,40,17,0.425
Atlanta Hawks,2026-02-26,ATL vs. WAS,Εντός Έδρας,Washington Wizards,Αδύναμη,39,13,0.333
Houston Rockets,2026-02-26,HOU @ ORL,Εκτός Έδρας,Orlando Magic,Μεσαία,29,11,0.379
Phoenix Suns,2026-02-26,PHX vs. LAL,Εντός Έδρας,Los Angeles Lakers,Κορυφαία,50,22,0.44
Orlando Magic,2026-02-26,ORL vs. HOU,Εντός Έδρας,Houston Rockets,Κορυφαία,37,15,0.405
Washington Wizards,2026-02-26,WAS @ ATL,Εκτός Έδρας,Atlanta Hawks,Μεσαία,33,9,0.273
New Orleans Pelicans,2026-02-26,NOP @ UTA,Εκτός Έδρας,Utah Jazz,Αδύναμη,34,13,0.382
Utah Jazz,2026-02-26,UTA vs. NOP,Εντός Έδρας,New Orleans Pelicans,Αδύναμη,37,12,0.324
Dallas Mavericks,2026-02-26,DAL vs. SAC,Εντός Έδρας,Sacramento Kings,Αδύναμη,23,10,0.435
Brooklyn Nets,2026-02-26,BKN vs. SAS,Εντός Έδρας,San Antonio Spurs,Κορυφαία,34,13,0.382
LA Clippers,2026-02-26,LAC vs. MIN,Εντός Έδρας,Minnesota Timberwolves,Κορυφαία,22,5,0.227
Minnesota Timberwolves,2026-02-26,MIN @ LAC,Εκτός Έδρας,LA Clippers,Μεσαία,26,8,0.308
San Antonio Spurs,2026-02-26,SAS @ BKN,Εκτός Έδρας,Brooklyn Nets,Αδύναμη,42,17,0.405
Charlotte Hornets,2026-02-26,CHA @ IND,Εκτός Έδρας,Indiana Pacers,Αδύναμη,46,22,0.478
Golden State Warriors,2026-02-25,GSW @ MEM,Εκτός Έδρας,Memphis Grizzlies,Αδύναμη,46,19,0.413
San Antonio Spurs,2026-02-25,SAS @ TOR,Εκτός Έδρας,Toronto Raptors,Μεσαία,39,17,0.436
Boston Celtics,2026-02-25,BOS @ DEN,Εκτός Έδρας,Denver Nuggets,Κορυφαία,43,12,0.279
Toronto Raptors,2026-02-25,TOR vs. SAS,Εντός Έδρας,San Antonio Spurs,Κορυφαία,23,8,0.348
Milwaukee Bucks,2026-02-25,MIL vs. CLE,Εντός Έδρας,Cleveland Cavaliers,Κορυφαία,45,19,0.422
Denver Nuggets,2026-02-25,DEN vs. BOS,Εντός Έδρας,Boston Celtics,Κορυφαία,43,15,0.349
Oklahoma City Thunder,2026-02-25,OKC @ DET,Εκτός Έδρας,Detroit Pistons,Κορυφαία,49,18,0.367
Cleveland Cavaliers,2026-02-25,CLE @ MIL,Εκτός Έδρας,Milwaukee Bucks,Αδύναμη,40,12,0.3
Sacramento Kings,2026-02-25,SAC @ HOU,Εκτός Έδρας,Houston Rockets,Κορυφαία,32,7,0.219
Memphis Grizzlies,2026-02-25,MEM vs. GSW,Εντός Έδρας,Golden State Warriors,Μεσαία,41,17,0.415
Houston Rockets,2026-02-25,HOU vs. SAC,Εντός Έδρας,Sacramento Kings,Αδύναμη,39,17,0.436
Detroit Pistons,2026-02-25,DET vs. OKC,Εντός Έδρας,Oklahoma City Thunder,Κορυφαία,27,9,0.333
Dallas Mavericks,2026-02-24,DAL @ BKN,Εκτός Έδρας,Brooklyn Nets,Αδύναμη,23,8,0.348
Brooklyn Nets,2026-02-24,BKN vs. DAL,Εντός Έδρας,Dallas Mavericks,Αδύναμη,32,13,0.406
New Orleans Pelicans,2026-02-24,NOP vs. GSW,Εντός Έδρας,Golden State Warriors,Μεσαία,40,10,0.25
Los Angeles Lakers,2026-02-24,LAL vs. ORL,Εντός Έδρας,Orlando Magic,Μεσαία,29,9,0.31
Chicago Bulls,2026-02-24,CHI vs. CHA,Εντός Έδρας,Charlotte Hornets,Μεσαία,40,16,0.4
Indiana Pacers,2026-02-24,IND vs. PHI,Εντός Έδρας,Philadelphia 76ers,Μεσαία,43,13,0.302
Golden State Warriors,2026-02-24,GSW @ NOP,Εκτός Έδρας,New Orleans Pelicans,Αδύναμη,45,11,0.244
Philadelphia 76ers,2026-02-24,PHI @ IND,Εκτός Έδρας,Indiana Pacers,Αδύναμη,29,8,0.276
Cleveland Cavaliers,2026-02-24,CLE vs. NYK,Εντός Έδρας,New York Knicks,Κορυφαία,35,13,0.371
Oklahoma City Thunder,2026-02-24,OKC @ TOR,Εκτός Έδρας,Toronto Raptors,Μεσαία,40,16,0.4
New York Knicks,2026-02-24,NYK @ CLE,Εκτός Έδρας,Cleveland Cavaliers,Κορυφαία,37,10,0.27
Charlotte Hornets,2026-02-24,CHA @ CHI,Εκτός Έδρας,Chicago Bulls,Αδύναμη,57,25,0.439
Orlando Magic,2026-02-24,ORL @ LAL,Εκτός Έδρας,Los Angeles Lakers,Κορυφαία,29,7,0.241
Miami Heat,2026-02-24,MIA @ MIL,Εκτός Έδρας,Milwaukee Bucks,Αδύναμη,48,16,0.333
Milwaukee Bucks,2026-02-24,MIL vs. MIA,Εντός Έδρας,Miami Heat,Μεσαία,39,16,0.41
Minnesota Timberwolves,2026-02-24,MIN @ POR,Εκτός Έδρας,Portland Trail Blazers,Μεσαία,35,17,0.486
Toronto Raptors,2026-02-24,TOR vs. OKC,Εντός Έδρας,Oklahoma City Thunder,Κορυφαία,38,18,0.474
Portland Trail Blazers,2026-02-24,POR vs. MIN,Εντός Έδρας,Minnesota Timberwolves,Κορυφαία,35,14,0.4
Washington Wizards,2026-02-24,WAS @ ATL,Εκτός Έδρας,Atlanta Hawks,Μεσαία,31,10,0.323
Boston Celtics,2026-02-24,BOS @ PHX,Εκτός Έδρας,Phoenix Suns,Μεσαία,47,13,0.277
Atlanta Hawks,2026-02-24,ATL vs. WAS,Εντός Έδρας,Washington Wizards,Αδύναμη,50,12,0.24
Phoenix Suns,2026-02-24,PHX vs. BOS,Εντός Έδρας,Boston Celtics,Κορυφαία,36,12,0.333
Memphis Grizzlies,2026-02-23,MEM vs. SAC,Εντός Έδρας,Sacramento Kings,Αδύναμη,34,12,0.353
Utah Jazz,2026-02-23,UTA @ HOU,Εκτός Έδρας,Houston Rockets,Κορυφαία,44,8,0.182
Sacramento Kings,2026-02-23,SAC @ MEM,Εκτός Έδρας,Memphis Grizzlies,Αδύναμη,29,10,0.345
San Antonio Spurs,2026-02-23,SAS @ DET,Εκτός Έδρας,Detroit Pistons,Κορυφαία,40,18,0.45
Detroit Pistons,2026-02-23,DET vs. SAS,Εντός Έδρας,San Antonio Spurs,Κορυφαία,36,7,0.194
Houston Rockets,2026-02-23,HOU vs. UTA,Εντός Έδρας,Utah Jazz,Αδύναμη,40,18,0.45
Toronto Raptors,2026-02-22,TOR @ MIL,Εκτός Έδρας,Milwaukee Bucks,Αδύναμη,46,16,0.348
Denver Nuggets,2026-02-22,DEN @ GSW,Εκτός Έδρας,Golden State Warriors,Μεσαία,31,8,0.258
Dallas Mavericks,2026-02-22,DAL @ IND,Εκτός Έδρας,Indiana Pacers,Αδύναμη,28,11,0.393
Cleveland Cavaliers,2026-02-22,CLE @ OKC,Εκτός Έδρας,Oklahoma City Thunder,Κορυφαία,39,13,0.333
Atlanta Hawks,2026-02-22,ATL vs. BKN,Εντός Έδρας,Brooklyn Nets,Αδύναμη,33,13,0.394
Minnesota Timberwolves,2026-02-22,MIN vs. PHI,Εντός Έδρας,Philadelphia 76ers,Μεσαία,33,10,0.303
Charlotte Hornets,2026-02-22,CHA @ WAS,Εκτός Έδρας,Washington Wizards,Αδύναμη,46,25,0.543
New York Knicks,2026-02-22,NYK @ CHI,Εκτός Έδρας,Chicago Bulls,Αδύναμη,42,15,0.357
Oklahoma City Thunder,2026-02-22,OKC vs. CLE,Εντός Έδρας,Cleveland Cavaliers,Κορυφαία,41,21,0.512
Golden State Warriors,2026-02-22,GSW vs. DEN,Εντός Έδρας,Denver Nuggets,Κορυφαία,52,21,0.404
Indiana Pacers,2026-02-22,IND vs. DAL,Εντός Έδρας,Dallas Mavericks,Αδύναμη,42,20,0.476
LA Clippers,2026-02-22,LAC vs. ORL,Εντός Έδρας,Orlando Magic,Μεσαία,23,5,0.217
Brooklyn Nets,2026-02-22,BKN @ ATL,Εκτός Έδρας,Atlanta Hawks,Μεσαία,34,12,0.353
Philadelphia 76ers,2026-02-22,PHI @ MIN,Εκτός Έδρας,Minnesota Timberwolves,Κορυφαία,37,21,0.568
Los Angeles Lakers,2026-02-22,LAL vs. BOS,Εντός Έδρας,Boston Celtics,Κορυφαία,30,9,0.3
Boston Celtics,2026-02-22,BOS @ LAL,Εκτός Έδρας,Los Angeles Lakers,Κορυφαία,36,14,0.389
Milwaukee Bucks,2026-02-22,MIL vs. TOR,Εντός Έδρας,Toronto Raptors,Μεσαία,32,9,0.281
Chicago Bulls,2026-02-22,CHI vs. NYK,Εντός Έδρας,New York Knicks,Κορυφαία,46,16,0.348
Phoenix Suns,2026-02-22,PHX vs. POR,Εντός Έδρας,Portland Trail Blazers,Μεσαία,35,9,0.257
Washington Wizards,2026-02-22,WAS vs. CHA,Εντός Έδρας,Charlotte Hornets,Μεσαία,42,18,0.429
Orlando Magic,2026-02-22,ORL @ LAC,Εκτός Έδρας,LA Clippers,Μεσαία,23,8,0.348
Portland Trail Blazers,2026-02-22,POR @ PHX,Εκτός Έδρας,Phoenix Suns,Μεσαία,37,10,0.27
Chicago Bulls,2026-02-21,CHI vs. DET,Εντός Έδρας,Detroit Pistons,Κορυφαία,40,17,0.425
Memphis Grizzlies,2026-02-21,MEM @ MIA,Εκτός Έδρας,Miami Heat,Μεσαία,43,15,0.349
Sacramento Kings,2026-02-21,SAC @ SAS,Εκτός Έδρας,San Antonio Spurs,Κορυφαία,32,9,0.281
New York Knicks,2026-02-21,NYK vs. HOU,Εντός Έδρας,Houston Rockets,Κορυφαία,26,10,0.385
Philadelphia 76ers,2026-02-21,PHI @ NOP,Εκτός Έδρας,New Orleans Pelicans,Αδύναμη,46,12,0.261
Houston Rockets,2026-02-21,HOU @ NYK,Εκτός Έδρας,New York Knicks,Κορυφαία,31,12,0.387
San Antonio Spurs,2026-02-21,SAS vs. SAC,Εντός Έδρας,Sacramento Kings,Αδύναμη,34,13,0.382
Detroit Pistons,2026-02-21,DET @ CHI,Εκτός Έδρας,Chicago Bulls,Αδύναμη,29,13,0.448
Orlando Magic,2026-02-21,ORL @ PHX,Εκτός Έδρας,Phoenix Suns,Μεσαία,39,10,0.256
New Orleans Pelicans,2026-02-21,NOP vs. PHI,Εντός Έδρας,Philadelphia 76ers,Μεσαία,34,17,0.5
Miami Heat,2026-02-21,MIA vs. MEM,Εντός Έδρας,Memphis Grizzlies,Αδύναμη,36,13,0.361
Phoenix Suns,2026-02-21,PHX vs. ORL,Εντός Έδρας,Orlando Magic,Μεσαία,55,16,0.291
Minnesota Timberwolves,2026-02-20,MIN vs. DAL,Εντός Έδρας,Dallas Mavericks,Αδύναμη,42,16,0.381
Memphis Grizzlies,2026-02-20,MEM vs. UTA,Εντός Έδρας,Utah Jazz,Αδύναμη,33,12,0.364
Miami Heat,2026-02-20,MIA @ ATL,Εκτός Έδρας,Atlanta Hawks,Μεσαία,35,13,0.371
Portland Trail Blazers,2026-02-20,POR vs. DEN,Εντός Έδρας,Denver Nuggets,Κορυφαία,47,15,0.319
Atlanta Hawks,2026-02-20,ATL vs. MIA,Εντός Έδρας,Miami Heat,Μεσαία,38,16,0.421
New Orleans Pelicans,2026-02-20,NOP vs. MIL,Εντός Έδρας,Milwaukee Bucks,Αδύναμη,25,4,0.16
Utah Jazz,2026-02-20,UTA @ MEM,Εκτός Έδρας,Memphis Grizzlies,Αδύναμη,34,13,0.382
LA Clippers,2026-02-20,LAC @ LAL,Εκτός Έδρας,Los Angeles Lakers,Κορυφαία,21,8,0.381
Los Angeles Lakers,2026-02-20,LAL vs. LAC,Εντός Έδρας,LA Clippers,Μεσαία,31,17,0.548
Oklahoma City Thunder,2026-02-20,OKC vs. BKN,Εντός Έδρας,Brooklyn Nets,Αδύναμη,35,13,0.371
Dallas Mavericks,2026-02-20,DAL @ MIN,Εκτός Έδρας,Minnesota Timberwolves,Κορυφαία,25,8,0.32
Indiana Pacers,2026-02-20,IND @ WAS,Εκτός Έδρας,Washington Wizards,Αδύναμη,49,18,0.367
Denver Nuggets,2026-02-20,DEN @ POR,Εκτός Έδρας,Portland Trail Blazers,Μεσαία,41,21,0.512
Milwaukee Bucks,2026-02-20,MIL @ NOP,Εκτός Έδρας,New Orleans Pelicans,Αδύναμη,36,15,0.417
Washington Wizards,2026-02-20,WAS vs. IND,Εντός Έδρας,Indiana Pacers,Αδύναμη,29,6,0.207
Brooklyn Nets,2026-02-20,BKN @ OKC,Εκτός Έδρας,Oklahoma City Thunder,Κορυφαία,41,7,0.171
Charlotte Hornets,2026-02-20,CHA vs. CLE,Εντός Έδρας,Cleveland Cavaliers,Κορυφαία,56,20,0.357
Cleveland Cavaliers,2026-02-20,CLE @ CHA,Εκτός Έδρας,Charlotte Hornets,Μεσαία,21,10,0.476
Atlanta Hawks,2026-02-19,ATL @ PHI,Εκτός Έδρας,Philadelphia 76ers,Μεσαία,32,10,0.313
Charlotte Hornets,2026-02-19,CHA vs. HOU,Εντός Έδρας,Houston Rockets,Κορυφαία,42,14,0.333
Houston Rockets,2026-02-19,HOU @ CHA,Εκτός Έδρας,Charlotte Hornets,Μεσαία,32,9,0.281
Phoenix Suns,2026-02-19,PHX @ SAS,Εκτός Έδρας,San Antonio Spurs,Κορυφαία,42,12,0.286
Denver Nuggets,2026-02-19,DEN @ LAC,Εκτός Έδρας,LA Clippers,Μεσαία,40,13,0.325
Boston Celtics,2026-02-19,BOS @ GSW,Εκτός Έδρας,Golden State Warriors,Μεσαία,40,17,0.425
New York Knicks,2026-02-19,NYK vs. DET,Εντός Έδρας,Detroit Pistons,Κορυφαία,35,8,0.229
Washington Wizards,2026-02-19,WAS vs. IND,Εντός Έδρας,Indiana Pacers,Αδύναμη,37,11,0.297
Toronto Raptors,2026-02-19,TOR @ CHI,Εκτός Έδρας,Chicago Bulls,Αδύναμη,23,7,0.304
Indiana Pacers,2026-02-19,IND @ WAS,Εκτός Έδρας,Washington Wizards,Αδύναμη,42,15,0.357
Chicago Bulls,2026-02-19,CHI vs. TOR,Εντός Έδρας,Toronto Raptors,Μεσαία,40,12,0.3
Brooklyn Nets,2026-02-19,BKN @ CLE,Εκτός Έδρας,Cleveland Cavaliers,Κορυφαία,49,14,0.286
LA Clippers,2026-02-19,LAC vs. DEN,Εντός Έδρας,Denver Nuggets,Κορυφαία,33,8,0.242
Golden State Warriors,2026-02-19,GSW vs. BOS,Εντός Έδρας,Boston Celtics,Κορυφαία,55,20,0.364
Philadelphia 76ers,2026-02-19,PHI vs. ATL,Εντός Έδρας,Atlanta Hawks,Μεσαία,33,11,0.333
Orlando Magic,2026-02-19,ORL @ SAC,Εκτός Έδρας,Sacramento Kings,Αδύναμη,50,27,0.54
Detroit Pistons,2026-02-19,DET @ NYK,Εκτός Έδρας,New York Knicks,Κορυφαία,30,13,0.433
Cleveland Cavaliers,2026-02-19,CLE vs. BKN,Εντός Έδρας,Brooklyn Nets,Αδύναμη,35,12,0.343
San Antonio Spurs,2026-02-19,SAS vs. PHX,Εντός Έδρας,Phoenix Suns,Μεσαία,37,13,0.351
Sacramento Kings,2026-02-19,SAC vs. ORL,Εντός Έδρας,Orlando Magic,Μεσαία,27,8,0.296
Oklahoma City Thunder,2026-02-12,OKC vs. MIL,Εντός Έδρας,Milwaukee Bucks,Αδύναμη,45,15,0.333
Milwaukee Bucks,2026-02-12,MIL @ OKC,Εκτός Έδρας,Oklahoma City Thunder,Κορυφαία,42,17,0.405
Utah Jazz,2026-02-12,UTA vs. POR,Εντός Έδρας,Portland Trail Blazers,Μεσαία,38,14,0.368
Portland Trail Blazers,2026-02-12,POR @ UTA,Εκτός Έδρας,Utah Jazz,Αδύναμη,46,18,0.391
Los Angeles Lakers,2026-02-12,LAL vs. DAL,Εντός Έδρας,Dallas Mavericks,Αδύναμη,31,10,0.323
Dallas Mavericks,2026-02-12,DAL @ LAL,Εκτός Έδρας,Los Angeles Lakers,Κορυφαία,26,7,0.269
Chicago Bulls,2026-02-11,CHI @ BOS,Εκτός Έδρας,Boston Celtics,Κορυφαία,36,12,0.333
Philadelphia 76ers,2026-02-11,PHI vs. NYK,Εντός Έδρας,New York Knicks,Κορυφαία,32,6,0.188
Atlanta Hawks,2026-02-11,ATL @ CHA,Εκτός Έδρας,Charlotte Hornets,Μεσαία,36,10,0.278
Sacramento Kings,2026-02-11,SAC @ UTA,Εκτός Έδρας,Utah Jazz,Αδύναμη,33,7,0.212
Indiana Pacers,2026-02-11,IND @ BKN,Εκτός Έδρας,Brooklyn Nets,Αδύναμη,42,15,0.357
Houston Rockets,2026-02-11,HOU vs. LAC,Εντός Έδρας,LA Clippers,Μεσαία,36,12,0.333
Oklahoma City Thunder,2026-02-11,OKC @ PHX,Εκτός Έδρας,Phoenix Suns,Μεσαία,36,15,0.417
Brooklyn Nets,2026-02-11,BKN vs. IND,Εντός Έδρας,Indiana Pacers,Αδύναμη,33,14,0.424
Cleveland Cavaliers,2026-02-11,CLE vs. WAS,Εντός Έδρας,Washington Wizards,Αδύναμη,38,16,0.421
Memphis Grizzlies,2026-02-11,MEM @ DEN,Εκτός Έδρας,Denver Nuggets,Κορυφαία,39,15,0.385
Toronto Raptors,2026-02-11,TOR vs. DET,Εντός Έδρας,Detroit Pistons,Κορυφαία,32,10,0.313
Minnesota Timberwolves,2026-02-11,MIN vs. POR,Εντός Έδρας,Portland Trail Blazers,Μεσαία,34,14,0.412
Denver Nuggets,2026-02-11,DEN vs. MEM,Εντός Έδρας,Memphis Grizzlies,Αδύναμη,22,10,0.455
New York Knicks,2026-02-11,NYK @ PHI,Εκτός Έδρας,Philadelphia 76ers,Μεσαία,44,20,0.455
Phoenix Suns,2026-02-11,PHX vs. OKC,Εντός Έδρας,Oklahoma City Thunder,Κορυφαία,42,15,0.357
Orlando Magic,2026-02-11,ORL vs. MIL,Εντός Έδρας,Milwaukee Bucks,Αδύναμη,47,20,0.426
Boston Celtics,2026-02-11,BOS vs. CHI,Εντός Έδρας,Chicago Bulls,Αδύναμη,45,18,0.4
Miami Heat,2026-02-11,MIA @ NOP,Εκτός Έδρας,New Orleans Pelicans,Αδύναμη,47,14,0.298
LA Clippers,2026-02-11,LAC @ HOU,Εκτός Έδρας,Houston Rockets,Κορυφαία,28,11,0.393
Detroit Pistons,2026-02-11,DET @ TOR,Εκτός Έδρας,Toronto Raptors,Μεσαία,34,14,0.412
Portland Trail Blazers,2026-02-11,POR @ MIN,Εκτός Έδρας,Minnesota Timberwolves,Κορυφαία,45,16,0.356
Golden State Warriors,2026-02-11,GSW vs. SAS,Εντός Έδρας,San Antonio Spurs,Κορυφαία,47,16,0.34
Charlotte Hornets,2026-02-11,CHA vs. ATL,Εντός Έδρας,Atlanta Hawks,Μεσαία,51,19,0.373
Milwaukee Bucks,2026-02-11,MIL @ ORL,Εκτός Έδρας,Orlando Magic,Μεσαία,36,14,0.389
San Antonio Spurs,2026-02-11,SAS @ GSW,Εκτός Έδρας,Golden State Warriors,Μεσαία,39,10,0.256
New Orleans Pelicans,2026-02-11,NOP vs. MIA,Εντός Έδρας,Miami Heat,Μεσαία,31,11,0.355
Utah Jazz,2026-02-11,UTA vs. SAC,Εντός Έδρας,Sacramento Kings,Αδύναμη,37,15,0.405
Washington Wizards,2026-02-11,WAS @ CLE,Εκτός Έδρας,Cleveland Cavaliers,Κορυφαία,46,14,0.304
LA Clippers,2026-02-10,LAC @ HOU,Εκτός Έδρας,Houston Rockets,Κορυφαία,30,8,0.267
New York Knicks,2026-02-10,NYK vs. IND,Εντός Έδρας,Indiana Pacers,Αδύναμη,46,14,0.304
Indiana Pacers,2026-02-10,IND @ NYK,Εκτός Έδρας,New York Knicks,Κορυφαία,45,18,0.4
San Antonio Spurs,2026-02-10,SAS @ LAL,Εκτός Έδρας,Los Angeles Lakers,Κορυφαία,33,13,0.394
Los Angeles Lakers,2026-02-10,LAL vs. SAS,Εντός Έδρας,San Antonio Spurs,Κορυφαία,25,11,0.44
Houston Rockets,2026-02-10,HOU vs. LAC,Εντός Έδρας,LA Clippers,Μεσαία,28,14,0.5
Phoenix Suns,2026-02-10,PHX vs. DAL,Εντός Έδρας,Dallas Mavericks,Αδύναμη,50,16,0.32
Dallas Mavericks,2026-02-10,DAL @ PHX,Εκτός Έδρας,Phoenix Suns,Μεσαία,22,5,0.227
Charlotte Hornets,2026-02-09,CHA vs. DET,Εντός Έδρας,Detroit Pistons,Κορυφαία,47,19,0.404
Chicago Bulls,2026-02-09,CHI @ BKN,Εκτός Έδρας,Brooklyn Nets,Αδύναμη,36,10,0.278
Detroit Pistons,2026-02-09,DET @ CHA,Εκτός Έδρας,Charlotte Hornets,Μεσαία,25,5,0.2
Oklahoma City Thunder,2026-02-09,OKC @ LAL,Εκτός Έδρας,Los Angeles Lakers,Κορυφαία,33,14,0.424
Portland Trail Blazers,2026-02-09,POR vs. PHI,Εντός Έδρας,Philadelphia 76ers,Μεσαία,54,22,0.407
Los Angeles Lakers,2026-02-09,LAL vs. OKC,Εντός Έδρας,Oklahoma City Thunder,Κορυφαία,31,10,0.323
Milwaukee Bucks,2026-02-09,MIL @ ORL,Εκτός Έδρας,Orlando Magic,Μεσαία,33,12,0.364
Philadelphia 76ers,2026-02-09,PHI @ POR,Εκτός Έδρας,Portland Trail Blazers,Μεσαία,30,11,0.367
Miami Heat,2026-02-09,MIA vs. UTA,Εντός Έδρας,Utah Jazz,Αδύναμη,45,15,0.333
New Orleans Pelicans,2026-02-09,NOP vs. SAC,Εντός Έδρας,Sacramento Kings,Αδύναμη,39,16,0.41
Sacramento Kings,2026-02-09,SAC @ NOP,Εκτός Έδρας,New Orleans Pelicans,Αδύναμη,31,4,0.129
Brooklyn Nets,2026-02-09,BKN vs. CHI,Εντός Έδρας,Chicago Bulls,Αδύναμη,25,12,0.48
Memphis Grizzlies,2026-02-09,MEM @ GSW,Εκτός Έδρας,Golden State Warriors,Μεσαία,32,10,0.313
Cleveland Cavaliers,2026-02-09,CLE @ DEN,Εκτός Έδρας,Denver Nuggets,Κορυφαία,45,15,0.333
Golden State Warriors,2026-02-09,GSW vs. MEM,Εντός Έδρας,Memphis Grizzlies,Αδύναμη,33,11,0.333
Atlanta Hawks,2026-02-09,ATL @ MIN,Εκτός Έδρας,Minnesota Timberwolves,Κορυφαία,45,14,0.311
Denver Nuggets,2026-02-09,DEN vs. CLE,Εντός Έδρας,Cleveland Cavaliers,Κορυφαία,40,13,0.325
Utah Jazz,2026-02-09,UTA @ MIA,Εκτός Έδρας,Miami Heat,Μεσαία,36,10,0.278
Minnesota Timberwolves,2026-02-09,MIN vs. ATL,Εντός Έδρας,Atlanta Hawks,Μεσαία,42,16,0.381
Orlando Magic,2026-02-09,ORL vs. MIL,Εντός Έδρας,Milwaukee Bucks,Αδύναμη,42,14,0.333
Miami Heat,2026-02-08,MIA @ WAS,Εκτός Έδρας,Washington Wizards,Αδύναμη,47,21,0.447
Indiana Pacers,2026-02-08,IND @ TOR,Εκτός Έδρας,Toronto Raptors,Μεσαία,33,12,0.364
Boston Celtics,2026-02-08,BOS vs. NYK,Εντός Έδρας,New York Knicks,Κορυφαία,41,7,0.171
Washington Wizards,2026-02-08,WAS vs. MIA,Εντός Έδρας,Miami Heat,Μεσαία,36,12,0.333
Toronto Raptors,2026-02-08,TOR vs. IND,Εντός Έδρας,Indiana Pacers,Αδύναμη,30,11,0.367
New York Knicks,2026-02-08,NYK @ BOS,Εκτός Έδρας,Boston Celtics,Κορυφαία,35,14,0.4
LA Clippers,2026-02-08,LAC @ MIN,Εκτός Έδρας,Minnesota Timberwolves,Κορυφαία,27,14,0.519
Minnesota Timberwolves,2026-02-08,MIN vs. LAC,Εντός Έδρας,LA Clippers,Μεσαία,33,8,0.242
Atlanta Hawks,2026-02-07,ATL vs. CHA,Εντός Έδρας,Charlotte Hornets,Μεσαία,37,18,0.486
Phoenix Suns,2026-02-07,PHX vs. PHI,Εντός Έδρας,Philadelphia 76ers,Μεσαία,46,11,0.239
Dallas Mavericks,2026-02-07,DAL @ SAS,Εκτός Έδρας,San Antonio Spurs,Κορυφαία,37,15,0.405
San Antonio Spurs,2026-02-07,SAS vs. DAL,Εντός Έδρας,Dallas Mavericks,Αδύναμη,35,14,0.4
Houston Rockets,2026-02-07,HOU @ OKC,Εκτός Έδρας,Oklahoma City Thunder,Κορυφαία,43,15,0.349
Washington Wizards,2026-02-07,WAS @ BKN,Εκτός Έδρας,Brooklyn Nets,Αδύναμη,30,11,0.367
Golden State Warriors,2026-02-07,GSW @ LAL,Εκτός Έδρας,Los Angeles Lakers,Κορυφαία,51,14,0.275
Sacramento Kings,2026-02-07,SAC vs. CLE,Εντός Έδρας,Cleveland Cavaliers,Κορυφαία,37,16,0.432
Orlando Magic,2026-02-07,ORL vs. UTA,Εντός Έδρας,Utah Jazz,Αδύναμη,41,13,0.317
Utah Jazz,2026-02-07,UTA @ ORL,Εκτός Έδρας,Orlando Magic,Μεσαία,31,10,0.323
Portland Trail Blazers,2026-02-07,POR vs. MEM,Εντός Έδρας,Memphis Grizzlies,Αδύναμη,51,21,0.412
Cleveland Cavaliers,2026-02-07,CLE @ SAC,Εκτός Έδρας,Sacramento Kings,Αδύναμη,35,11,0.314
Chicago Bulls,2026-02-07,CHI vs. DEN,Εντός Έδρας,Denver Nuggets,Κορυφαία,51,20,0.392
Denver Nuggets,2026-02-07,DEN @ CHI,Εκτός Έδρας,Chicago Bulls,Αδύναμη,33,16,0.485
Oklahoma City Thunder,2026-02-07,OKC vs. HOU,Εντός Έδρας,Houston Rockets,Κορυφαία,36,14,0.389
Brooklyn Nets,2026-02-07,BKN vs. WAS,Εντός Έδρας,Washington Wizards,Αδύναμη,38,13,0.342
Charlotte Hornets,2026-02-07,CHA @ ATL,Εκτός Έδρας,Atlanta Hawks,Μεσαία,39,18,0.462
Philadelphia 76ers,2026-02-07,PHI @ PHX,Εκτός Έδρας,Phoenix Suns,Μεσαία,29,11,0.379
Memphis Grizzlies,2026-02-07,MEM @ POR,Εκτός Έδρας,Portland Trail Blazers,Μεσαία,38,16,0.421
Los Angeles Lakers,2026-02-07,LAL vs. GSW,Εντός Έδρας,Golden State Warriors,Μεσαία,27,11,0.407
Sacramento Kings,2026-02-06,SAC vs. LAC,Εντός Έδρας,LA Clippers,Μεσαία,37,10,0.27
Minnesota Timberwolves,2026-02-06,MIN vs. NOP,Εντός Έδρας,New Orleans Pelicans,Αδύναμη,40,13,0.325
LA Clippers,2026-02-06,LAC @ SAC,Εκτός Έδρας,Sacramento Kings,Αδύναμη,21,9,0.429
Portland Trail Blazers,2026-02-06,POR vs. MEM,Εντός Έδρας,Memphis Grizzlies,Αδύναμη,42,17,0.405
New Orleans Pelicans,2026-02-06,NOP @ MIN,Εκτός Έδρας,Minnesota Timberwolves,Κορυφαία,34,15,0.441
Indiana Pacers,2026-02-06,IND @ MIL,Εκτός Έδρας,Milwaukee Bucks,Αδύναμη,43,12,0.279
Milwaukee Bucks,2026-02-06,MIL vs. IND,Εντός Έδρας,Indiana Pacers,Αδύναμη,43,13,0.302
Miami Heat,2026-02-06,MIA @ BOS,Εκτός Έδρας,Boston Celtics,Κορυφαία,40,13,0.325
Boston Celtics,2026-02-06,BOS vs. MIA,Εντός Έδρας,Miami Heat,Μεσαία,36,10,0.278
Detroit Pistons,2026-02-06,DET vs. NYK,Εντός Έδρας,New York Knicks,Κορυφαία,40,17,0.425
Memphis Grizzlies,2026-02-06,MEM @ POR,Εκτός Έδρας,Portland Trail Blazers,Μεσαία,41,15,0.366
New York Knicks,2026-02-06,NYK @ DET,Εκτός Έδρας,Detroit Pistons,Κορυφαία,33,8,0.242
Chicago Bulls,2026-02-05,CHI @ TOR,Εκτός Έδρας,Toronto Raptors,Μεσαία,49,18,0.367
Utah Jazz,2026-02-05,UTA @ ATL,Εκτός Έδρας,Atlanta Hawks,Μεσαία,30,12,0.4
Toronto Raptors,2026-02-05,TOR vs. CHI,Εντός Έδρας,Chicago Bulls,Αδύναμη,34,14,0.412
Brooklyn Nets,2026-02-05,BKN @ ORL,Εκτός Έδρας,Orlando Magic,Μεσαία,39,12,0.308
Houston Rockets,2026-02-05,HOU vs. CHA,Εντός Έδρας,Charlotte Hornets,Μεσαία,23,8,0.348
Orlando Magic,2026-02-05,ORL vs. BKN,Εντός Έδρας,Brooklyn Nets,Αδύναμη,32,9,0.281
Golden State Warriors,2026-02-05,GSW @ PHX,Εκτός Έδρας,Phoenix Suns,Μεσαία,55,20,0.364
Atlanta Hawks,2026-02-05,ATL vs. UTA,Εντός Έδρας,Utah Jazz,Αδύναμη,35,8,0.229
Dallas Mavericks,2026-02-05,DAL vs. SAS,Εντός Έδρας,San Antonio Spurs,Κορυφαία,31,12,0.387
San Antonio Spurs,2026-02-05,SAS @ DAL,Εκτός Έδρας,Dallas Mavericks,Αδύναμη,41,17,0.415
Philadelphia 76ers,2026-02-05,PHI @ LAL,Εκτός Έδρας,Los Angeles Lakers,Κορυφαία,24,5,0.208
Washington Wizards,2026-02-05,WAS @ DET,Εκτός Έδρας,Detroit Pistons,Κορυφαία,41,18,0.439
Charlotte Hornets,2026-02-05,CHA @ HOU,Εκτός Έδρας,Houston Rockets,Κορυφαία,43,17,0.395
Detroit Pistons,2026-02-05,DET vs. WAS,Εντός Έδρας,Washington Wizards,Αδύναμη,33,9,0.273
Los Angeles Lakers,2026-02-05,LAL vs. PHI,Εντός Έδρας,Philadelphia 76ers,Μεσαία,25,9,0.36
Phoenix Suns,2026-02-05,PHX vs. GSW,Εντός Έδρας,Golden State Warriors,Μεσαία,43,16,0.372
Houston Rockets,2026-02-04,HOU vs. BOS,Εντός Έδρας,Boston Celtics,Κορυφαία,30,11,0.367
Cleveland Cavaliers,2026-02-04,CLE @ LAC,Εκτός Έδρας,LA Clippers,Μεσαία,41,16,0.39
Sacramento Kings,2026-02-04,SAC vs. MEM,Εντός Έδρας,Memphis Grizzlies,Αδύναμη,36,11,0.306
San Antonio Spurs,2026-02-04,SAS vs. OKC,Εντός Έδρας,Oklahoma City Thunder,Κορυφαία,42,14,0.333
New Orleans Pelicans,2026-02-04,NOP @ MIL,Εκτός Έδρας,Milwaukee Bucks,Αδύναμη,46,24,0.522
LA Clippers,2026-02-04,LAC vs. CLE,Εντός Έδρας,Cleveland Cavaliers,Κορυφαία,28,6,0.214
Boston Celtics,2026-02-04,BOS @ HOU,Εκτός Έδρας,Houston Rockets,Κορυφαία,51,19,0.373
Oklahoma City Thunder,2026-02-04,OKC @ SAS,Εκτός Έδρας,San Antonio Spurs,Κορυφαία,47,19,0.404
Minnesota Timberwolves,2026-02-04,MIN @ TOR,Εκτός Έδρας,Toronto Raptors,Μεσαία,39,16,0.41
New York Knicks,2026-02-04,NYK vs. DEN,Εντός Έδρας,Denver Nuggets,Κορυφαία,50,18,0.36
Memphis Grizzlies,2026-02-04,MEM @ SAC,Εκτός Έδρας,Sacramento Kings,Αδύναμη,41,18,0.439
Denver Nuggets,2026-02-04,DEN @ NYK,Εκτός Έδρας,New York Knicks,Κορυφαία,50,13,0.26
Toronto Raptors,2026-02-04,TOR vs. MIN,Εντός Έδρας,Minnesota Timberwolves,Κορυφαία,31,15,0.484
Milwaukee Bucks,2026-02-04,MIL vs. NOP,Εντός Έδρας,New Orleans Pelicans,Αδύναμη,47,21,0.447
Phoenix Suns,2026-02-03,PHX @ POR,Εκτός Έδρας,Portland Trail Blazers,Μεσαία,41,20,0.488
Atlanta Hawks,2026-02-03,ATL @ MIA,Εκτός Έδρας,Miami Heat,Μεσαία,50,21,0.42
Golden State Warriors,2026-02-03,GSW vs. PHI,Εντός Έδρας,Philadelphia 76ers,Μεσαία,48,19,0.396
Dallas Mavericks,2026-02-03,DAL vs. BOS,Εντός Έδρας,Boston Celtics,Κορυφαία,32,9,0.281
Indiana Pacers,2026-02-03,IND vs. UTA,Εντός Έδρας,Utah Jazz,Αδύναμη,39,14,0.359
Utah Jazz,2026-02-03,UTA @ IND,Εκτός Έδρας,Indiana Pacers,Αδύναμη,29,13,0.448
Milwaukee Bucks,2026-02-03,MIL vs. CHI,Εντός Έδρας,Chicago Bulls,Αδύναμη,38,23,0.605
Detroit Pistons,2026-02-03,DET vs. DEN,Εντός Έδρας,Denver Nuggets,Κορυφαία,29,12,0.414
Portland Trail Blazers,2026-02-03,POR vs. PHX,Εντός Έδρας,Phoenix Suns,Μεσαία,52,18,0.346
Brooklyn Nets,2026-02-03,BKN vs. LAL,Εντός Έδρας,Los Angeles Lakers,Κορυφαία,41,10,0.244
Miami Heat,2026-02-03,MIA vs. ATL,Εντός Έδρας,Atlanta Hawks,Μεσαία,32,8,0.25
Oklahoma City Thunder,2026-02-03,OKC vs. ORL,Εντός Έδρας,Orlando Magic,Μεσαία,35,12,0.343
Philadelphia 76ers,2026-02-03,PHI @ GSW,Εκτός Έδρας,Golden State Warriors,Μεσαία,38,13,0.342
Washington Wizards,2026-02-03,WAS vs. NYK,Εντός Έδρας,New York Knicks,Κορυφαία,31,11,0.355
Denver Nuggets,2026-02-03,DEN @ DET,Εκτός Έδρας,Detroit Pistons,Κορυφαία,30,10,0.333
Chicago Bulls,2026-02-03,CHI @ MIL,Εκτός Έδρας,Milwaukee Bucks,Αδύναμη,51,19,0.373
Orlando Magic,2026-02-03,ORL @ OKC,Εκτός Έδρας,Oklahoma City Thunder,Κορυφαία,41,13,0.317
Los Angeles Lakers,2026-02-03,LAL @ BKN,Εκτός Έδρας,Brooklyn Nets,Αδύναμη,31,7,0.226
Boston Celtics,2026-02-03,BOS @ DAL,Εκτός Έδρας,Dallas Mavericks,Αδύναμη,39,13,0.333
New York Knicks,2026-02-03,NYK @ WAS,Εκτός Έδρας,Washington Wizards,Αδύναμη,37,17,0.459
Houston Rockets,2026-02-02,HOU @ IND,Εκτός Έδρας,Indiana Pacers,Αδύναμη,22,7,0.318
Indiana Pacers,2026-02-02,IND vs. HOU,Εντός Έδρας,Houston Rockets,Κορυφαία,26,12,0.462
New Orleans Pelicans,2026-02-02,NOP @ CHA,Εκτός Έδρας,Charlotte Hornets,Μεσαία,34,11,0.324
LA Clippers,2026-02-02,LAC vs. PHI,Εντός Έδρας,Philadelphia 76ers,Μεσαία,26,9,0.346
Charlotte Hornets,2026-02-02,CHA vs. NOP,Εντός Έδρας,New Orleans Pelicans,Αδύναμη,50,12,0.24
Memphis Grizzlies,2026-02-02,MEM vs. MIN,Εντός Έδρας,Minnesota Timberwolves,Κορυφαία,41,19,0.463
Minnesota Timberwolves,2026-02-02,MIN @ MEM,Εκτός Έδρας,Memphis Grizzlies,Αδύναμη,41,16,0.39
Philadelphia 76ers,2026-02-02,PHI @ LAC,Εκτός Έδρας,LA Clippers,Μεσαία,39,17,0.436
Miami Heat,2026-02-01,MIA vs. CHI,Εντός Έδρας,Chicago Bulls,Αδύναμη,38,14,0.368
Milwaukee Bucks,2026-02-01,MIL @ BOS,Εκτός Έδρας,Boston Celtics,Κορυφαία,34,10,0.294
Portland Trail Blazers,2026-02-01,POR vs. CLE,Εντός Έδρας,Cleveland Cavaliers,Κορυφαία,44,14,0.318
Toronto Raptors,2026-02-01,TOR vs. UTA,Εντός Έδρας,Utah Jazz,Αδύναμη,35,12,0.343
Detroit Pistons,2026-02-01,DET vs. BKN,Εντός Έδρας,Brooklyn Nets,Αδύναμη,32,12,0.375
Utah Jazz,2026-02-01,UTA @ TOR,Εκτός Έδρας,Toronto Raptors,Μεσαία,36,8,0.222
Oklahoma City Thunder,2026-02-01,OKC @ DEN,Εκτός Έδρας,Denver Nuggets,Κορυφαία,48,19,0.396
Chicago Bulls,2026-02-01,CHI @ MIA,Εκτός Έδρας,Miami Heat,Μεσαία,41,6,0.146
Los Angeles Lakers,2026-02-01,LAL @ NYK,Εκτός Έδρας,New York Knicks,Κορυφαία,42,12,0.286
New York Knicks,2026-02-01,NYK vs. LAL,Εντός Έδρας,Los Angeles Lakers,Κορυφαία,42,18,0.429
San Antonio Spurs,2026-02-01,SAS vs. ORL,Εντός Έδρας,Orlando Magic,Μεσαία,29,8,0.276
Phoenix Suns,2026-02-01,PHX vs. LAC,Εντός Έδρας,LA Clippers,Μεσαία,46,19,0.413
Boston Celtics,2026-02-01,BOS vs. MIL,Εντός Έδρας,Milwaukee Bucks,Αδύναμη,42,15,0.357
Sacramento Kings,2026-02-01,SAC @ WAS,Εκτός Έδρας,Washington Wizards,Αδύναμη,21,8,0.381
Denver Nuggets,2026-02-01,DEN vs. OKC,Εντός Έδρας,Oklahoma City Thunder,Κορυφαία,35,16,0.457
Cleveland Cavaliers,2026-02-01,CLE @ POR,Εκτός Έδρας,Portland Trail Blazers,Μεσαία,34,16,0.471
Brooklyn Nets,2026-02-01,BKN @ DET,Εκτός Έδρας,Detroit Pistons,Κορυφαία,31,7,0.226
Orlando Magic,2026-02-01,ORL @ SAS,Εκτός Έδρας,San Antonio Spurs,Κορυφαία,30,10,0.333
LA Clippers,2026-02-01,LAC @ PHX,Εκτός Έδρας,Phoenix Suns,Μεσαία,24,9,0.375
Washington Wizards,2026-02-01,WAS vs. SAC,Εντός Έδρας,Sacramento Kings,Αδύναμη,31,13,0.419
Miami Heat,2026-01-31,MIA vs. CHI,Εντός Έδρας,Chicago Bulls,Αδύναμη,47,13,0.277
Dallas Mavericks,2026-01-31,DAL @ HOU,Εκτός Έδρας,Houston Rockets,Κορυφαία,23,10,0.435
Indiana Pacers,2026-01-31,IND vs. ATL,Εντός Έδρας,Atlanta Hawks,Μεσαία,32,15,0.469
New Orleans Pelicans,2026-01-31,NOP @ PHI,Εκτός Έδρας,Philadelphia 76ers,Μεσαία,36,15,0.417
Atlanta Hawks,2026-01-31,ATL @ IND,Εκτός Έδρας,Indiana Pacers,Αδύναμη,28,11,0.393
Philadelphia 76ers,2026-01-31,PHI vs. NOP,Εντός Έδρας,New Orleans Pelicans,Αδύναμη,36,17,0.472
Houston Rockets,2026-01-31,HOU vs. DAL,Εντός Έδρας,Dallas Mavericks,Αδύναμη,26,10,0.385
Minnesota Timberwolves,2026-01-31,MIN @ MEM,Εκτός Έδρας,Memphis Grizzlies,Αδύναμη,37,18,0.486
Charlotte Hornets,2026-01-31,CHA vs. SAS,Εντός Έδρας,San Antonio Spurs,Κορυφαία,35,13,0.371
Memphis Grizzlies,2026-01-31,MEM vs. MIN,Εντός Έδρας,Minnesota Timberwolves,Κορυφαία,37,10,0.27
San Antonio Spurs,2026-01-31,SAS @ CHA,Εκτός Έδρας,Charlotte Hornets,Μεσαία,34,13,0.382
Chicago Bulls,2026-01-31,CHI @ MIA,Εκτός Έδρας,Miami Heat,Μεσαία,40,20,0.5
Orlando Magic,2026-01-30,ORL vs. TOR,Εντός Έδρας,Toronto Raptors,Μεσαία,34,17,0.5
Utah Jazz,2026-01-30,UTA vs. BKN,Εντός Έδρας,Brooklyn Nets,Αδύναμη,29,10,0.345
Portland Trail Blazers,2026-01-30,POR @ NYK,Εκτός Έδρας,New York Knicks,Κορυφαία,43,13,0.302
New Orleans Pelicans,2026-01-30,NOP vs. MEM,Εντός Έδρας,Memphis Grizzlies,Αδύναμη,33,8,0.242
Washington Wizards,2026-01-30,WAS vs. LAL,Εντός Έδρας,Los Angeles Lakers,Κορυφαία,48,16,0.333
Toronto Raptors,2026-01-30,TOR @ ORL,Εκτός Έδρας,Orlando Magic,Μεσαία,28,7,0.25
Denver Nuggets,2026-01-30,DEN vs. LAC,Εντός Έδρας,LA Clippers,Μεσαία,28,16,0.571
Los Angeles Lakers,2026-01-30,LAL @ WAS,Εκτός Έδρας,Washington Wizards,Αδύναμη,33,14,0.424
Boston Celtics,2026-01-30,BOS vs. SAC,Εντός Έδρας,Sacramento Kings,Αδύναμη,48,18,0.375
New York Knicks,2026-01-30,NYK vs. POR,Εντός Έδρας,Portland Trail Blazers,Μεσαία,45,19,0.422
Sacramento Kings,2026-01-30,SAC @ BOS,Εκτός Έδρας,Boston Celtics,Κορυφαία,31,10,0.323
Memphis Grizzlies,2026-01-30,MEM @ NOP,Εκτός Έδρας,New Orleans Pelicans,Αδύναμη,41,12,0.293
Golden State Warriors,2026-01-30,GSW vs. DET,Εντός Έδρας,Detroit Pistons,Κορυφαία,52,18,0.346
Cleveland Cavaliers,2026-01-30,CLE @ PHX,Εκτός Έδρας,Phoenix Suns,Μεσαία,48,15,0.313
Phoenix Suns,2026-01-30,PHX vs. CLE,Εντός Έδρας,Cleveland Cavaliers,Κορυφαία,48,23,0.479
Detroit Pistons,2026-01-30,DET @ GSW,Εκτός Έδρας,Golden State Warriors,Μεσαία,26,10,0.385
LA Clippers,2026-01-30,LAC @ DEN,Εκτός Έδρας,Denver Nuggets,Κορυφαία,40,14,0.35
Brooklyn Nets,2026-01-30,BKN @ UTA,Εκτός Έδρας,Utah Jazz,Αδύναμη,40,14,0.35
Dallas Mavericks,2026-01-29,DAL vs. CHA,Εντός Έδρας,Charlotte Hornets,Μεσαία,33,11,0.333
Denver Nuggets,2026-01-29,DEN vs. BKN,Εντός Έδρας,Brooklyn Nets,Αδύναμη,26,13,0.5
Houston Rockets,2026-01-29,HOU @ ATL,Εκτός Έδρας,Atlanta Hawks,Μεσαία,31,12,0.387
Atlanta Hawks,2026-01-29,ATL vs. HOU,Εντός Έδρας,Houston Rockets,Κορυφαία,39,12,0.308
Miami Heat,2026-01-29,MIA @ CHI,Εκτός Έδρας,Chicago Bulls,Αδύναμη,36,12,0.333
Minnesota Timberwolves,2026-01-29,MIN vs. OKC,Εντός Έδρας,Oklahoma City Thunder,Κορυφαία,47,22,0.468
Washington Wizards,2026-01-29,WAS vs. MIL,Εντός Έδρας,Milwaukee Bucks,Αδύναμη,35,8,0.229
Brooklyn Nets,2026-01-29,BKN @ DEN,Εκτός Έδρας,Denver Nuggets,Κορυφαία,37,14,0.378
Sacramento Kings,2026-01-29,SAC @ PHI,Εκτός Έδρας,Philadelphia 76ers,Μεσαία,26,10,0.385
Philadelphia 76ers,2026-01-29,PHI vs. SAC,Εντός Έδρας,Sacramento Kings,Αδύναμη,25,8,0.32
Oklahoma City Thunder,2026-01-29,OKC @ MIN,Εκτός Έδρας,Minnesota Timberwolves,Κορυφαία,31,11,0.355
Charlotte Hornets,2026-01-29,CHA @ DAL,Εκτός Έδρας,Dallas Mavericks,Αδύναμη,41,20,0.488
Milwaukee Bucks,2026-01-29,MIL @ WAS,Εκτός Έδρας,Washington Wizards,Αδύναμη,38,10,0.263
Detroit Pistons,2026-01-29,DET @ PHX,Εκτός Έδρας,Phoenix Suns,Μεσαία,29,6,0.207
Phoenix Suns,2026-01-29,PHX vs. DET,Εντός Έδρας,Detroit Pistons,Κορυφαία,42,16,0.381
Chicago Bulls,2026-01-29,CHI vs. MIA,Εντός Έδρας,Miami Heat,Μεσαία,38,15,0.395
Charlotte Hornets,2026-01-28,CHA @ MEM,Εκτός Έδρας,Memphis Grizzlies,Αδύναμη,42,17,0.405
Memphis Grizzlies,2026-01-28,MEM vs. CHA,Εντός Έδρας,Charlotte Hornets,Μεσαία,40,14,0.35
New York Knicks,2026-01-28,NYK @ TOR,Εκτός Έδρας,Toronto Raptors,Μεσαία,38,14,0.368
Boston Celtics,2026-01-28,BOS vs. ATL,Εντός Έδρας,Atlanta Hawks,Μεσαία,34,9,0.265
Miami Heat,2026-01-28,MIA vs. ORL,Εντός Έδρας,Orlando Magic,Μεσαία,34,15,0.441
Chicago Bulls,2026-01-28,CHI @ IND,Εκτός Έδρας,Indiana Pacers,Αδύναμη,30,12,0.4
Cleveland Cavaliers,2026-01-28,CLE vs. LAL,Εντός Έδρας,Los Angeles Lakers,Κορυφαία,44,17,0.386
Indiana Pacers,2026-01-28,IND vs. CHI,Εντός Έδρας,Chicago Bulls,Αδύναμη,36,15,0.417
Orlando Magic,2026-01-28,ORL @ MIA,Εκτός Έδρας,Miami Heat,Μεσαία,38,16,0.421
San Antonio Spurs,2026-01-28,SAS @ HOU,Εκτός Έδρας,Houston Rockets,Κορυφαία,26,6,0.231
Los Angeles Lakers,2026-01-28,LAL @ CLE,Εκτός Έδρας,Cleveland Cavaliers,Κορυφαία,32,9,0.281
Dallas Mavericks,2026-01-28,DAL vs. MIN,Εντός Έδρας,Minnesota Timberwolves,Κορυφαία,18,3,0.167
Utah Jazz,2026-01-28,UTA vs. GSW,Εντός Έδρας,Golden State Warriors,Μεσαία,38,15,0.395
Atlanta Hawks,2026-01-28,ATL @ BOS,Εκτός Έδρας,Boston Celtics,Κορυφαία,42,18,0.429
Golden State Warriors,2026-01-28,GSW @ UTA,Εκτός Έδρας,Utah Jazz,Αδύναμη,54,23,0.426
Minnesota Timberwolves,2026-01-28,MIN @ DAL,Εκτός Έδρας,Dallas Mavericks,Αδύναμη,34,12,0.353
Houston Rockets,2026-01-28,HOU vs. SAS,Εντός Έδρας,San Antonio Spurs,Κορυφαία,23,8,0.348
Toronto Raptors,2026-01-28,TOR vs. NYK,Εντός Έδρας,New York Knicks,Κορυφαία,26,7,0.269
Denver Nuggets,2026-01-27,DEN vs. DET,Εντός Έδρας,Detroit Pistons,Κορυφαία,29,10,0.345
Milwaukee Bucks,2026-01-27,MIL @ PHI,Εκτός Έδρας,Philadelphia 76ers,Μεσαία,34,15,0.441
Washington Wizards,2026-01-27,WAS vs. POR,Εντός Έδρας,Portland Trail Blazers,Μεσαία,39,17,0.436
Utah Jazz,2026-01-27,UTA vs. LAC,Εντός Έδρας,LA Clippers,Μεσαία,33,12,0.364
Oklahoma City Thunder,2026-01-27,OKC vs. NOP,Εντός Έδρας,New Orleans Pelicans,Αδύναμη,38,13,0.342
Philadelphia 76ers,2026-01-27,PHI vs. MIL,Εντός Έδρας,Milwaukee Bucks,Αδύναμη,42,22,0.524
Portland Trail Blazers,2026-01-27,POR @ WAS,Εκτός Έδρας,Washington Wizards,Αδύναμη,38,14,0.368
Phoenix Suns,2026-01-27,PHX vs. BKN,Εντός Έδρας,Brooklyn Nets,Αδύναμη,20,5,0.25
Brooklyn Nets,2026-01-27,BKN @ PHX,Εκτός Έδρας,Phoenix Suns,Μεσαία,32,13,0.406
LA Clippers,2026-01-27,LAC @ UTA,Εκτός Έδρας,Utah Jazz,Αδύναμη,46,18,0.391
New Orleans Pelicans,2026-01-27,NOP @ OKC,Εκτός Έδρας,Oklahoma City Thunder,Κορυφαία,40,10,0.25
New York Knicks,2026-01-27,NYK vs. SAC,Εντός Έδρας,Sacramento Kings,Αδύναμη,32,13,0.406
Sacramento Kings,2026-01-27,SAC @ NYK,Εκτός Έδρας,New York Knicks,Κορυφαία,30,5,0.167
Detroit Pistons,2026-01-27,DET @ DEN,Εκτός Έδρας,Denver Nuggets,Κορυφαία,31,6,0.194
Houston Rockets,2026-01-26,HOU vs. MEM,Εντός Έδρας,Memphis Grizzlies,Αδύναμη,37,11,0.297
Los Angeles Lakers,2026-01-26,LAL @ CHI,Εκτός Έδρας,Chicago Bulls,Αδύναμη,33,16,0.485
Charlotte Hornets,2026-01-26,CHA vs. PHI,Εντός Έδρας,Philadelphia 76ers,Μεσαία,41,17,0.415
Orlando Magic,2026-01-26,ORL @ CLE,Εκτός Έδρας,Cleveland Cavaliers,Κορυφαία,39,11,0.282
Golden State Warriors,2026-01-26,GSW @ MIN,Εκτός Έδρας,Minnesota Timberwolves,Κορυφαία,39,9,0.231
Chicago Bulls,2026-01-26,CHI vs. LAL,Εντός Έδρας,Los Angeles Lakers,Κορυφαία,49,18,0.367
Indiana Pacers,2026-01-26,IND @ ATL,Εκτός Έδρας,Atlanta Hawks,Μεσαία,35,10,0.286
Philadelphia 76ers,2026-01-26,PHI @ CHA,Εκτός Έδρας,Charlotte Hornets,Μεσαία,30,9,0.3
Minnesota Timberwolves,2026-01-26,MIN vs. GSW,Εντός Έδρας,Golden State Warriors,Μεσαία,35,14,0.4
Memphis Grizzlies,2026-01-26,MEM @ HOU,Εκτός Έδρας,Houston Rockets,Κορυφαία,37,7,0.189
Cleveland Cavaliers,2026-01-26,CLE vs. ORL,Εντός Έδρας,Orlando Magic,Μεσαία,25,11,0.44
Portland Trail Blazers,2026-01-26,POR @ BOS,Εκτός Έδρας,Boston Celtics,Κορυφαία,40,10,0.25
Atlanta Hawks,2026-01-26,ATL vs. IND,Εντός Έδρας,Indiana Pacers,Αδύναμη,43,18,0.419
Boston Celtics,2026-01-26,BOS vs. POR,Εντός Έδρας,Portland Trail Blazers,Μεσαία,34,13,0.382
Phoenix Suns,2026-01-25,PHX vs. MIA,Εντός Έδρας,Miami Heat,Μεσαία,35,7,0.2
Oklahoma City Thunder,2026-01-25,OKC vs. TOR,Εντός Έδρας,Toronto Raptors,Μεσαία,43,11,0.256
Detroit Pistons,2026-01-25,DET vs. SAC,Εντός Έδρας,Sacramento Kings,Αδύναμη,31,16,0.516
New Orleans Pelicans,2026-01-25,NOP @ SAS,Εκτός Έδρας,San Antonio Spurs,Κορυφαία,34,9,0.265
Miami Heat,2026-01-25,MIA @ PHX,Εκτός Έδρας,Phoenix Suns,Μεσαία,35,9,0.257
Sacramento Kings,2026-01-25,SAC @ DET,Εκτός Έδρας,Detroit Pistons,Κορυφαία,25,11,0.44
Toronto Raptors,2026-01-25,TOR @ OKC,Εκτός Έδρας,Oklahoma City Thunder,Κορυφαία,34,12,0.353
Brooklyn Nets,2026-01-25,BKN @ LAC,Εκτός Έδρας,LA Clippers,Μεσαία,43,9,0.209
San Antonio Spurs,2026-01-25,SAS vs. NOP,Εντός Έδρας,New Orleans Pelicans,Αδύναμη,44,12,0.273
Golden State Warriors,2026-01-25,GSW @ MIN,Εκτός Έδρας,Minnesota Timberwolves,Κορυφαία,51,16,0.314
Minnesota Timberwolves,2026-01-25,MIN vs. GSW,Εντός Έδρας,Golden State Warriors,Μεσαία,38,13,0.342
LA Clippers,2026-01-25,LAC vs. BKN,Εντός Έδρας,Brooklyn Nets,Αδύναμη,25,12,0.48
Orlando Magic,2026-01-24,ORL vs. CLE,Εντός Έδρας,Cleveland Cavaliers,Κορυφαία,40,11,0.275
Philadelphia 76ers,2026-01-24,PHI vs. NYK,Εντός Έδρας,New York Knicks,Κορυφαία,29,9,0.31
Charlotte Hornets,2026-01-24,CHA vs. WAS,Εντός Έδρας,Washington Wizards,Αδύναμη,36,14,0.389
Boston Celtics,2026-01-24,BOS @ CHI,Εκτός Έδρας,Chicago Bulls,Αδύναμη,47,15,0.319
Los Angeles Lakers,2026-01-24,LAL @ DAL,Εκτός Έδρας,Dallas Mavericks,Αδύναμη,34,14,0.412
New York Knicks,2026-01-24,NYK @ PHI,Εκτός Έδρας,Philadelphia 76ers,Μεσαία,44,15,0.341
Chicago Bulls,2026-01-24,CHI vs. BOS,Εντός Έδρας,Boston Celtics,Κορυφαία,45,21,0.467
Utah Jazz,2026-01-24,UTA vs. MIA,Εντός Έδρας,Miami Heat,Μεσαία,25,7,0.28
Miami Heat,2026-01-24,MIA @ UTA,Εκτός Έδρας,Utah Jazz,Αδύναμη,47,19,0.404
Dallas Mavericks,2026-01-24,DAL vs. LAL,Εντός Έδρας,Los Angeles Lakers,Κορυφαία,29,10,0.345
Cleveland Cavaliers,2026-01-24,CLE @ ORL,Εκτός Έδρας,Orlando Magic,Μεσαία,34,15,0.441
Washington Wizards,2026-01-24,WAS @ CHA,Εκτός Έδρας,Charlotte Hornets,Μεσαία,53,19,0.358
Atlanta Hawks,2026-01-23,ATL vs. PHX,Εντός Έδρας,Phoenix Suns,Μεσαία,26,13,0.5
Boston Celtics,2026-01-23,BOS @ BKN,Εκτός Έδρας,Brooklyn Nets,Αδύναμη,51,22,0.431
Indiana Pacers,2026-01-23,IND @ OKC,Εκτός Έδρας,Oklahoma City Thunder,Κορυφαία,38,16,0.421
Houston Rockets,2026-01-23,HOU @ DET,Εκτός Έδρας,Detroit Pistons,Κορυφαία,26,9,0.346
Sacramento Kings,2026-01-23,SAC @ CLE,Εκτός Έδρας,Cleveland Cavaliers,Κορυφαία,33,13,0.394
Brooklyn Nets,2026-01-23,BKN vs. BOS,Εντός Έδρας,Boston Celtics,Κορυφαία,44,13,0.295
Detroit Pistons,2026-01-23,DET vs. HOU,Εντός Έδρας,Houston Rockets,Κορυφαία,32,7,0.219
Portland Trail Blazers,2026-01-23,POR vs. TOR,Εντός Έδρας,Toronto Raptors,Μεσαία,45,13,0.289
Memphis Grizzlies,2026-01-23,MEM vs. NOP,Εντός Έδρας,New Orleans Pelicans,Αδύναμη,47,18,0.383
Milwaukee Bucks,2026-01-23,MIL vs. DEN,Εντός Έδρας,Denver Nuggets,Κορυφαία,39,12,0.308
New Orleans Pelicans,2026-01-23,NOP @ MEM,Εκτός Έδρας,Memphis Grizzlies,Αδύναμη,36,13,0.361
Toronto Raptors,2026-01-23,TOR @ POR,Εκτός Έδρας,Portland Trail Blazers,Μεσαία,29,9,0.31
Cleveland Cavaliers,2026-01-23,CLE vs. SAC,Εντός Έδρας,Sacramento Kings,Αδύναμη,36,13,0.361
Phoenix Suns,2026-01-23,PHX @ ATL,Εκτός Έδρας,Atlanta Hawks,Μεσαία,34,11,0.324
Denver Nuggets,2026-01-23,DEN @ MIL,Εκτός Έδρας,Milwaukee Bucks,Αδύναμη,41,12,0.293
Oklahoma City Thunder,2026-01-23,OKC vs. IND,Εντός Έδρας,Indiana Pacers,Αδύναμη,26,7,0.269
Houston Rockets,2026-01-22,HOU @ PHI,Εκτός Έδρας,Philadelphia 76ers,Μεσαία,40,18,0.45
Los Angeles Lakers,2026-01-22,LAL @ LAC,Εκτός Έδρας,LA Clippers,Μεσαία,33,11,0.333
LA Clippers,2026-01-22,LAC vs. LAL,Εντός Έδρας,Los Angeles Lakers,Κορυφαία,31,12,0.387
Portland Trail Blazers,2026-01-22,POR vs. MIA,Εντός Έδρας,Miami Heat,Μεσαία,50,20,0.4
Charlotte Hornets,2026-01-22,CHA @ ORL,Εκτός Έδρας,Orlando Magic,Μεσαία,36,17,0.472
Golden State Warriors,2026-01-22,GSW @ DAL,Εκτός Έδρας,Dallas Mavericks,Αδύναμη,46,15,0.326
Utah Jazz,2026-01-22,UTA vs. SAS,Εντός Έδρας,San Antonio Spurs,Κορυφαία,30,12,0.4
Philadelphia 76ers,2026-01-22,PHI vs. HOU,Εντός Έδρας,Houston Rockets,Κορυφαία,32,11,0.344
Minnesota Timberwolves,2026-01-22,MIN vs. CHI,Εντός Έδρας,Chicago Bulls,Αδύναμη,41,15,0.366
San Antonio Spurs,2026-01-22,SAS @ UTA,Εκτός Έδρας,Utah Jazz,Αδύναμη,43,18,0.419
Orlando Magic,2026-01-22,ORL vs. CHA,Εντός Έδρας,Charlotte Hornets,Μεσαία,37,14,0.378
Denver Nuggets,2026-01-22,DEN @ WAS,Εκτός Έδρας,Washington Wizards,Αδύναμη,26,9,0.346
Washington Wizards,2026-01-22,WAS vs. DEN,Εντός Έδρας,Denver Nuggets,Κορυφαία,43,13,0.302
Dallas Mavericks,2026-01-22,DAL vs. GSW,Εντός Έδρας,Golden State Warriors,Μεσαία,35,13,0.371
Miami Heat,2026-01-22,MIA @ POR,Εκτός Έδρας,Portland Trail Blazers,Μεσαία,45,9,0.2
Chicago Bulls,2026-01-22,CHI @ MIN,Εκτός Έδρας,Minnesota Timberwolves,Κορυφαία,39,17,0.436
New York Knicks,2026-01-21,NYK vs. BKN,Εντός Έδρας,Brooklyn Nets,Αδύναμη,32,16,0.5
Charlotte Hornets,2026-01-21,CHA vs. CLE,Εντός Έδρας,Cleveland Cavaliers,Κορυφαία,47,8,0.17
New Orleans Pelicans,2026-01-21,NOP vs. DET,Εντός Έδρας,Detroit Pistons,Κορυφαία,32,7,0.219
Sacramento Kings,2026-01-21,SAC vs. TOR,Εντός Έδρας,Toronto Raptors,Μεσαία,33,9,0.273
Toronto Raptors,2026-01-21,TOR @ SAC,Εκτός Έδρας,Sacramento Kings,Αδύναμη,33,13,0.394
Detroit Pistons,2026-01-21,DET @ NOP,Εκτός Έδρας,New Orleans Pelicans,Αδύναμη,39,15,0.385
Oklahoma City Thunder,2026-01-21,OKC @ MIL,Εκτός Έδρας,Milwaukee Bucks,Αδύναμη,36,14,0.389
Milwaukee Bucks,2026-01-21,MIL vs. OKC,Εντός Έδρας,Oklahoma City Thunder,Κορυφαία,41,16,0.39
Brooklyn Nets,2026-01-21,BKN @ NYK,Εκτός Έδρας,New York Knicks,Κορυφαία,40,11,0.275
Atlanta Hawks,2026-01-21,ATL @ MEM,Εκτός Έδρας,Memphis Grizzlies,Αδύναμη,45,20,0.444
Boston Celtics,2026-01-21,BOS vs. IND,Εντός Έδρας,Indiana Pacers,Αδύναμη,31,12,0.387
Indiana Pacers,2026-01-21,IND @ BOS,Εκτός Έδρας,Boston Celtics,Κορυφαία,45,12,0.267
Memphis Grizzlies,2026-01-21,MEM vs. ATL,Εντός Έδρας,Atlanta Hawks,Μεσαία,35,12,0.343
Cleveland Cavaliers,2026-01-21,CLE @ CHA,Εκτός Έδρας,Charlotte Hornets,Μεσαία,40,8,0.2
Houston Rockets,2026-01-20,HOU vs. SAS,Εντός Έδρας,San Antonio Spurs,Κορυφαία,27,10,0.37
Phoenix Suns,2026-01-20,PHX @ PHI,Εκτός Έδρας,Philadelphia 76ers,Μεσαία,39,16,0.41
San Antonio Spurs,2026-01-20,SAS @ HOU,Εκτός Έδρας,Houston Rockets,Κορυφαία,50,14,0.28
Los Angeles Lakers,2026-01-20,LAL @ DEN,Εκτός Έδρας,Denver Nuggets,Κορυφαία,25,10,0.4
Toronto Raptors,2026-01-20,TOR @ GSW,Εκτός Έδρας,Golden State Warriors,Μεσαία,34,21,0.618
Minnesota Timberwolves,2026-01-20,MIN @ UTA,Εκτός Έδρας,Utah Jazz,Αδύναμη,47,14,0.298
LA Clippers,2026-01-20,LAC @ CHI,Εκτός Έδρας,Chicago Bulls,Αδύναμη,30,10,0.333
Utah Jazz,2026-01-20,UTA vs. MIN,Εντός Έδρας,Minnesota Timberwolves,Κορυφαία,29,12,0.414
Denver Nuggets,2026-01-20,DEN vs. LAL,Εντός Έδρας,Los Angeles Lakers,Κορυφαία,37,15,0.405
Golden State Warriors,2026-01-20,GSW vs. TOR,Εντός Έδρας,Toronto Raptors,Μεσαία,43,16,0.372
Chicago Bulls,2026-01-20,CHI vs. LAC,Εντός Έδρας,LA Clippers,Μεσαία,47,25,0.532
Miami Heat,2026-01-20,MIA @ SAC,Εκτός Έδρας,Sacramento Kings,Αδύναμη,42,21,0.5
Philadelphia 76ers,2026-01-20,PHI vs. PHX,Εντός Έδρας,Phoenix Suns,Μεσαία,34,11,0.324
Sacramento Kings,2026-01-20,SAC vs. MIA,Εντός Έδρας,Miami Heat,Μεσαία,30,11,0.367
Indiana Pacers,2026-01-19,IND @ PHI,Εκτός Έδρας,Philadelphia 76ers,Μεσαία,34,13,0.382
San Antonio Spurs,2026-01-19,SAS vs. UTA,Εντός Έδρας,Utah Jazz,Αδύναμη,38,16,0.421
Milwaukee Bucks,2026-01-19,MIL @ ATL,Εκτός Έδρας,Atlanta Hawks,Μεσαία,36,16,0.444
New York Knicks,2026-01-19,NYK vs. DAL,Εντός Έδρας,Dallas Mavericks,Αδύναμη,31,9,0.29
Oklahoma City Thunder,2026-01-19,OKC @ CLE,Εκτός Έδρας,Cleveland Cavaliers,Κορυφαία,47,23,0.489
Brooklyn Nets,2026-01-19,BKN vs. PHX,Εντός Έδρας,Phoenix Suns,Μεσαία,38,15,0.395
LA Clippers,2026-01-19,LAC @ WAS,Εκτός Έδρας,Washington Wizards,Αδύναμη,28,5,0.179
Golden State Warriors,2026-01-19,GSW vs. MIA,Εντός Έδρας,Miami Heat,Μεσαία,51,24,0.471
Phoenix Suns,2026-01-19,PHX @ BKN,Εκτός Έδρας,Brooklyn Nets,Αδύναμη,39,20,0.513
Philadelphia 76ers,2026-01-19,PHI vs. IND,Εντός Έδρας,Indiana Pacers,Αδύναμη,17,5,0.294
Boston Celtics,2026-01-19,BOS @ DET,Εκτός Έδρας,Detroit Pistons,Κορυφαία,41,13,0.317
Washington Wizards,2026-01-19,WAS vs. LAC,Εντός Έδρας,LA Clippers,Μεσαία,35,13,0.371
Cleveland Cavaliers,2026-01-19,CLE vs. OKC,Εντός Έδρας,Oklahoma City Thunder,Κορυφαία,35,8,0.229
Detroit Pistons,2026-01-19,DET vs. BOS,Εντός Έδρας,Boston Celtics,Κορυφαία,35,11,0.314
Miami Heat,2026-01-19,MIA @ GSW,Εκτός Έδρας,Golden State Warriors,Μεσαία,45,13,0.289
Utah Jazz,2026-01-19,UTA @ SAS,Εκτός Έδρας,San Antonio Spurs,Κορυφαία,37,13,0.351
Atlanta Hawks,2026-01-19,ATL vs. MIL,Εντός Έδρας,Milwaukee Bucks,Αδύναμη,42,12,0.286
Dallas Mavericks,2026-01-19,DAL @ NYK,Εκτός Έδρας,New York Knicks,Κορυφαία,32,15,0.469
Orlando Magic,2026-01-18,ORL @ MEM,Εκτός Έδρας,Memphis Grizzlies,Αδύναμη,33,10,0.303
Chicago Bulls,2026-01-18,CHI vs. BKN,Εντός Έδρας,Brooklyn Nets,Αδύναμη,46,20,0.435
Portland Trail Blazers,2026-01-18,POR @ SAC,Εκτός Έδρας,Sacramento Kings,Αδύναμη,32,8,0.25
Los Angeles Lakers,2026-01-18,LAL vs. TOR,Εντός Έδρας,Toronto Raptors,Μεσαία,36,14,0.389
Denver Nuggets,2026-01-18,DEN vs. CHA,Εντός Έδρας,Charlotte Hornets,Μεσαία,38,8,0.211
New Orleans Pelicans,2026-01-18,NOP @ HOU,Εκτός Έδρας,Houston Rockets,Κορυφαία,26,10,0.385
Houston Rockets,2026-01-18,HOU vs. NOP,Εντός Έδρας,New Orleans Pelicans,Αδύναμη,36,13,0.361
Toronto Raptors,2026-01-18,TOR @ LAL,Εκτός Έδρας,Los Angeles Lakers,Κορυφαία,32,7,0.219
Sacramento Kings,2026-01-18,SAC vs. POR,Εντός Έδρας,Portland Trail Blazers,Μεσαία,31,11,0.355
Brooklyn Nets,2026-01-18,BKN @ CHI,Εκτός Έδρας,Chicago Bulls,Αδύναμη,37,16,0.432
Charlotte Hornets,2026-01-18,CHA @ DEN,Εκτός Έδρας,Denver Nuggets,Κορυφαία,34,11,0.324
Memphis Grizzlies,2026-01-18,ORL @ MEM,Εκτός Έδρας,Orlando Magic,Μεσαία,35,13,0.371
New York Knicks,2026-01-17,NYK vs. PHX,Εντός Έδρας,Phoenix Suns,Μεσαία,44,14,0.318
Minnesota Timberwolves,2026-01-17,MIN @ SAS,Εκτός Έδρας,San Antonio Spurs,Κορυφαία,34,14,0.412
Utah Jazz,2026-01-17,UTA @ DAL,Εκτός Έδρας,Dallas Mavericks,Αδύναμη,31,10,0.323
Detroit Pistons,2026-01-17,DET vs. IND,Εντός Έδρας,Indiana Pacers,Αδύναμη,34,16,0.471
Portland Trail Blazers,2026-01-17,POR vs. LAL,Εντός Έδρας,Los Angeles Lakers,Κορυφαία,42,16,0.381
Denver Nuggets,2026-01-17,DEN vs. WAS,Εντός Έδρας,Washington Wizards,Αδύναμη,35,14,0.4
Golden State Warriors,2026-01-17,GSW vs. CHA,Εντός Έδρας,Charlotte Hornets,Μεσαία,52,23,0.442
Dallas Mavericks,2026-01-17,DAL vs. UTA,Εντός Έδρας,Utah Jazz,Αδύναμη,41,18,0.439
Charlotte Hornets,2026-01-17,CHA @ GSW,Εκτός Έδρας,Golden State Warriors,Μεσαία,44,16,0.364
Boston Celtics,2026-01-17,BOS @ ATL,Εκτός Έδρας,Atlanta Hawks,Μεσαία,52,22,0.423
San Antonio Spurs,2026-01-17,SAS vs. MIN,Εντός Έδρας,Minnesota Timberwolves,Κορυφαία,38,15,0.395
Atlanta Hawks,2026-01-17,ATL vs. BOS,Εντός Έδρας,Boston Celtics,Κορυφαία,46,15,0.326
Oklahoma City Thunder,2026-01-17,OKC @ MIA,Εκτός Έδρας,Miami Heat,Μεσαία,29,13,0.448
Indiana Pacers,2026-01-17,IND @ DET,Εκτός Έδρας,Detroit Pistons,Κορυφαία,35,8,0.229
Washington Wizards,2026-01-17,WAS @ DEN,Εκτός Έδρας,Denver Nuggets,Κορυφαία,30,11,0.367
Miami Heat,2026-01-17,MIA vs. OKC,Εντός Έδρας,Oklahoma City Thunder,Κορυφαία,50,20,0.4
Phoenix Suns,2026-01-17,PHX @ NYK,Εκτός Έδρας,New York Knicks,Κορυφαία,42,15,0.357
Los Angeles Lakers,2026-01-17,LAL @ POR,Εκτός Έδρας,Portland Trail Blazers,Μεσαία,31,13,0.419
Chicago Bulls,2026-01-16,CHI @ BKN,Εκτός Έδρας,Brooklyn Nets,Αδύναμη,35,11,0.314
Philadelphia 76ers,2026-01-16,PHI vs. CLE,Εντός Έδρας,Cleveland Cavaliers,Κορυφαία,32,12,0.375
Toronto Raptors,2026-01-16,TOR vs. LAC,Εντός Έδρας,LA Clippers,Μεσαία,33,11,0.333
LA Clippers,2026-01-16,LAC @ TOR,Εκτός Έδρας,Toronto Raptors,Μεσαία,36,13,0.361
Minnesota Timberwolves,2026-01-16,MIN @ HOU,Εκτός Έδρας,Houston Rockets,Κορυφαία,30,11,0.367
Indiana Pacers,2026-01-16,IND vs. NOP,Εντός Έδρας,New Orleans Pelicans,Αδύναμη,43,15,0.349
Washington Wizards,2026-01-16,WAS @ SAC,Εκτός Έδρας,Sacramento Kings,Αδύναμη,34,11,0.324
Cleveland Cavaliers,2026-01-16,CLE @ PHI,Εκτός Έδρας,Philadelphia 76ers,Μεσαία,34,17,0.5
Brooklyn Nets,2026-01-16,BKN vs. CHI,Εντός Έδρας,Chicago Bulls,Αδύναμη,40,19,0.475
Houston Rockets,2026-01-16,HOU vs. MIN,Εντός Έδρας,Minnesota Timberwolves,Κορυφαία,28,12,0.429
New Orleans Pelicans,2026-01-16,NOP @ IND,Εκτός Έδρας,Indiana Pacers,Αδύναμη,31,13,0.419
Sacramento Kings,2026-01-16,SAC vs. WAS,Εντός Έδρας,Washington Wizards,Αδύναμη,31,15,0.484
Golden State Warriors,2026-01-15,GSW vs. NYK,Εντός Έδρας,New York Knicks,Κορυφαία,45,20,0.444
Boston Celtics,2026-01-15,BOS @ MIA,Εκτός Έδρας,Miami Heat,Μεσαία,39,13,0.333
New York Knicks,2026-01-15,NYK @ GSW,Εκτός Έδρας,Golden State Warriors,Μεσαία,38,14,0.368
Miami Heat,2026-01-15,MIA vs. BOS,Εντός Έδρας,Boston Celtics,Κορυφαία,42,15,0.357
Memphis Grizzlies,2026-01-15,MEM @ ORL,Εκτός Έδρας,Orlando Magic,Μεσαία,36,17,0.472
Utah Jazz,2026-01-15,UTA @ DAL,Εκτός Έδρας,Dallas Mavericks,Αδύναμη,36,10,0.278
San Antonio Spurs,2026-01-15,SAS vs. MIL,Εντός Έδρας,Milwaukee Bucks,Αδύναμη,37,16,0.432
Dallas Mavericks,2026-01-15,DAL vs. UTA,Εντός Έδρας,Utah Jazz,Αδύναμη,46,19,0.413
Portland Trail Blazers,2026-01-15,POR vs. ATL,Εντός Έδρας,Atlanta Hawks,Μεσαία,46,14,0.304
Oklahoma City Thunder,2026-01-15,OKC @ HOU,Εκτός Έδρας,Houston Rockets,Κορυφαία,41,16,0.39
Houston Rockets,2026-01-15,HOU vs. OKC,Εντός Έδρας,Oklahoma City Thunder,Κορυφαία,24,7,0.292
Phoenix Suns,2026-01-15,PHX @ DET,Εκτός Έδρας,Detroit Pistons,Κορυφαία,46,17,0.37
Atlanta Hawks,2026-01-15,ATL @ POR,Εκτός Έδρας,Portland Trail Blazers,Μεσαία,44,14,0.318
Charlotte Hornets,2026-01-15,CHA @ LAL,Εκτός Έδρας,Los Angeles Lakers,Κορυφαία,43,20,0.465
Detroit Pistons,2026-01-15,DET vs. PHX,Εντός Έδρας,Phoenix Suns,Μεσαία,32,9,0.281
Los Angeles Lakers,2026-01-15,LAL vs. CHA,Εντός Έδρας,Charlotte Hornets,Μεσαία,38,14,0.368
Milwaukee Bucks,2026-01-15,MIL @ SAS,Εκτός Έδρας,San Antonio Spurs,Κορυφαία,48,17,0.354
Orlando Magic,2026-01-15,MEM @ ORL,Εκτός Έδρας,Memphis Grizzlies,Αδύναμη,40,15,0.375
Utah Jazz,2026-01-14,UTA @ CHI,Εκτός Έδρας,Chicago Bulls,Αδύναμη,28,8,0.286
Cleveland Cavaliers,2026-01-14,CLE @ PHI,Εκτός Έδρας,Philadelphia 76ers,Μεσαία,46,20,0.435
LA Clippers,2026-01-14,LAC vs. WAS,Εντός Έδρας,Washington Wizards,Αδύναμη,37,14,0.378
New Orleans Pelicans,2026-01-14,NOP vs. BKN,Εντός Έδρας,Brooklyn Nets,Αδύναμη,33,11,0.333
Sacramento Kings,2026-01-14,SAC vs. NYK,Εντός Έδρας,New York Knicks,Κορυφαία,27,10,0.37
Dallas Mavericks,2026-01-14,DAL vs. DEN,Εντός Έδρας,Denver Nuggets,Κορυφαία,34,5,0.147
Brooklyn Nets,2026-01-14,BKN @ NOP,Εκτός Έδρας,New Orleans Pelicans,Αδύναμη,43,16,0.372
Denver Nuggets,2026-01-14,DEN @ DAL,Εκτός Έδρας,Dallas Mavericks,Αδύναμη,38,16,0.421
Philadelphia 76ers,2026-01-14,PHI vs. CLE,Εντός Έδρας,Cleveland Cavaliers,Κορυφαία,43,12,0.279
New York Knicks,2026-01-14,NYK @ SAC,Εκτός Έδρας,Sacramento Kings,Αδύναμη,41,8,0.195
Chicago Bulls,2026-01-14,CHI vs. UTA,Εντός Έδρας,Utah Jazz,Αδύναμη,43,17,0.395
Toronto Raptors,2026-01-14,TOR @ IND,Εκτός Έδρας,Indiana Pacers,Αδύναμη,28,10,0.357
Indiana Pacers,2026-01-14,IND vs. TOR,Εντός Έδρας,Toronto Raptors,Μεσαία,42,12,0.286
Washington Wizards,2026-01-14,WAS @ LAC,Εκτός Έδρας,LA Clippers,Μεσαία,38,10,0.263
Denver Nuggets,2026-01-13,DEN @ NOP,Εκτός Έδρας,New Orleans Pelicans,Αδύναμη,35,14,0.4
Houston Rockets,2026-01-13,HOU vs. CHI,Εντός Έδρας,Chicago Bulls,Αδύναμη,24,7,0.292
Portland Trail Blazers,2026-01-13,POR @ GSW,Εκτός Έδρας,Golden State Warriors,Μεσαία,47,14,0.298
Miami Heat,2026-01-13,MIA vs. PHX,Εντός Έδρας,Phoenix Suns,Μεσαία,38,13,0.342
Oklahoma City Thunder,2026-01-13,OKC vs. SAS,Εντός Έδρας,San Antonio Spurs,Κορυφαία,30,11,0.367
Golden State Warriors,2026-01-13,GSW vs. POR,Εντός Έδρας,Portland Trail Blazers,Μεσαία,57,23,0.404
Minnesota Timberwolves,2026-01-13,MIN @ MIL,Εκτός Έδρας,Milwaukee Bucks,Αδύναμη,42,22,0.524
New Orleans Pelicans,2026-01-13,NOP vs. DEN,Εντός Έδρας,Denver Nuggets,Κορυφαία,29,11,0.379
Milwaukee Bucks,2026-01-13,MIL vs. MIN,Εντός Έδρας,Minnesota Timberwolves,Κορυφαία,36,13,0.361
Atlanta Hawks,2026-01-13,ATL @ LAL,Εκτός Έδρας,Los Angeles Lakers,Κορυφαία,46,13,0.283
Los Angeles Lakers,2026-01-13,LAL vs. ATL,Εντός Έδρας,Atlanta Hawks,Μεσαία,34,19,0.559
Phoenix Suns,2026-01-13,PHX @ MIA,Εκτός Έδρας,Miami Heat,Μεσαία,48,14,0.292
San Antonio Spurs,2026-01-13,SAS @ OKC,Εκτός Έδρας,Oklahoma City Thunder,Κορυφαία,37,13,0.351
Chicago Bulls,2026-01-13,CHI @ HOU,Εκτός Έδρας,Houston Rockets,Κορυφαία,37,12,0.324
Toronto Raptors,2026-01-12,TOR vs. PHI,Εντός Έδρας,Philadelphia 76ers,Μεσαία,37,6,0.162
Sacramento Kings,2026-01-12,SAC vs. LAL,Εντός Έδρας,Los Angeles Lakers,Κορυφαία,26,17,0.654
Indiana Pacers,2026-01-12,IND vs. BOS,Εντός Έδρας,Boston Celtics,Κορυφαία,37,16,0.432
Philadelphia 76ers,2026-01-12,PHI @ TOR,Εκτός Έδρας,Toronto Raptors,Μεσαία,36,16,0.444
Dallas Mavericks,2026-01-12,DAL vs. BKN,Εντός Έδρας,Brooklyn Nets,Αδύναμη,34,15,0.441
Brooklyn Nets,2026-01-12,BKN @ DAL,Εκτός Έδρας,Dallas Mavericks,Αδύναμη,37,9,0.243
LA Clippers,2026-01-12,LAC vs. CHA,Εντός Έδρας,Charlotte Hornets,Μεσαία,49,18,0.367
Charlotte Hornets,2026-01-12,CHA @ LAC,Εκτός Έδρας,LA Clippers,Μεσαία,33,10,0.303
Cleveland Cavaliers,2026-01-12,CLE vs. UTA,Εντός Έδρας,Utah Jazz,Αδύναμη,41,17,0.415
Los Angeles Lakers,2026-01-12,LAL @ SAC,Εκτός Έδρας,Sacramento Kings,Αδύναμη,36,8,0.222
Utah Jazz,2026-01-12,UTA @ CLE,Εκτός Έδρας,Cleveland Cavaliers,Κορυφαία,41,18,0.439
Boston Celtics,2026-01-12,BOS @ IND,Εκτός Έδρας,Indiana Pacers,Αδύναμη,35,9,0.257
San Antonio Spurs,2026-01-11,SAS @ MIN,Εκτός Έδρας,Minnesota Timberwolves,Κορυφαία,38,13,0.342
Memphis Grizzlies,2026-01-11,MEM vs. BKN,Εντός Έδρας,Brooklyn Nets,Αδύναμη,34,11,0.324
Portland Trail Blazers,2026-01-11,POR vs. NYK,Εντός Έδρας,New York Knicks,Κορυφαία,39,12,0.308
New York Knicks,2026-01-11,NYK @ POR,Εκτός Έδρας,Portland Trail Blazers,Μεσαία,46,17,0.37
Phoenix Suns,2026-01-11,PHX vs. WAS,Εντός Έδρας,Washington Wizards,Αδύναμη,52,17,0.327
Philadelphia 76ers,2026-01-11,PHI @ TOR,Εκτός Έδρας,Toronto Raptors,Μεσαία,31,8,0.258
Minnesota Timberwolves,2026-01-11,MIN vs. SAS,Εντός Έδρας,San Antonio Spurs,Κορυφαία,39,12,0.308
Denver Nuggets,2026-01-11,DEN vs. MIL,Εντός Έδρας,Milwaukee Bucks,Αδύναμη,35,14,0.4
Miami Heat,2026-01-11,MIA @ OKC,Εκτός Έδρας,Oklahoma City Thunder,Κορυφαία,32,17,0.531
Houston Rockets,2026-01-11,HOU @ SAC,Εκτός Έδρας,Sacramento Kings,Αδύναμη,30,7,0.233
New Orleans Pelicans,2026-01-11,NOP @ ORL,Εκτός Έδρας,Orlando Magic,Μεσαία,26,14,0.538
Oklahoma City Thunder,2026-01-11,OKC vs. MIA,Εντός Έδρας,Miami Heat,Μεσαία,34,10,0.294
Brooklyn Nets,2026-01-11,BKN @ MEM,Εκτός Έδρας,Memphis Grizzlies,Αδύναμη,48,18,0.375
Milwaukee Bucks,2026-01-11,MIL @ DEN,Εκτός Έδρας,Denver Nuggets,Κορυφαία,34,14,0.412
Atlanta Hawks,2026-01-11,ATL @ GSW,Εκτός Έδρας,Golden State Warriors,Μεσαία,39,15,0.385
Sacramento Kings,2026-01-11,SAC vs. HOU,Εντός Έδρας,Houston Rockets,Κορυφαία,23,8,0.348
Toronto Raptors,2026-01-11,TOR vs. PHI,Εντός Έδρας,Philadelphia 76ers,Μεσαία,32,5,0.156
Washington Wizards,2026-01-11,WAS @ PHX,Εκτός Έδρας,Phoenix Suns,Μεσαία,30,7,0.233
Golden State Warriors,2026-01-11,GSW vs. ATL,Εντός Έδρας,Atlanta Hawks,Μεσαία,42,10,0.238
Orlando Magic,2026-01-11,ORL vs. NOP,Εντός Έδρας,New Orleans Pelicans,Αδύναμη,24,11,0.458
Boston Celtics,2026-01-10,BOS vs. SAS,Εντός Έδρας,San Antonio Spurs,Κορυφαία,44,16,0.364
Miami Heat,2026-01-10,MIA @ IND,Εκτός Έδρας,Indiana Pacers,Αδύναμη,30,4,0.133
Cleveland Cavaliers,2026-01-10,CLE vs. MIN,Εντός Έδρας,Minnesota Timberwolves,Κορυφαία,31,15,0.484
Detroit Pistons,2026-01-10,DET vs. LAC,Εντός Έδρας,LA Clippers,Μεσαία,35,8,0.229
San Antonio Spurs,2026-01-10,SAS @ BOS,Εκτός Έδρας,Boston Celtics,Κορυφαία,44,10,0.227
LA Clippers,2026-01-10,LAC @ DET,Εκτός Έδρας,Detroit Pistons,Κορυφαία,31,11,0.355
Utah Jazz,2026-01-10,UTA vs. CHA,Εντός Έδρας,Charlotte Hornets,Μεσαία,31,7,0.226
Charlotte Hornets,2026-01-10,CHA @ UTA,Εκτός Έδρας,Utah Jazz,Αδύναμη,59,24,0.407
Minnesota Timberwolves,2026-01-10,MIN @ CLE,Εκτός Έδρας,Cleveland Cavaliers,Κορυφαία,32,16,0.5
Dallas Mavericks,2026-01-10,DAL @ CHI,Εκτός Έδρας,Chicago Bulls,Αδύναμη,35,13,0.371
Chicago Bulls,2026-01-10,CHI vs. DAL,Εντός Έδρας,Dallas Mavericks,Αδύναμη,46,15,0.326
Indiana Pacers,2026-01-10,IND vs. MIA,Εντός Έδρας,Miami Heat,Μεσαία,40,17,0.425
Golden State Warriors,2026-01-09,GSW vs. SAC,Εντός Έδρας,Sacramento Kings,Αδύναμη,45,19,0.422
Denver Nuggets,2026-01-09,DEN vs. ATL,Εντός Έδρας,Atlanta Hawks,Μεσαία,32,11,0.344
Boston Celtics,2026-01-09,BOS vs. TOR,Εντός Έδρας,Toronto Raptors,Μεσαία,28,14,0.5
Brooklyn Nets,2026-01-09,BKN vs. LAC,Εντός Έδρας,LA Clippers,Μεσαία,47,15,0.319
Portland Trail Blazers,2026-01-09,POR vs. HOU,Εντός Έδρας,Houston Rockets,Κορυφαία,44,16,0.364
Oklahoma City Thunder,2026-01-09,OKC @ MEM,Εκτός Έδρας,Memphis Grizzlies,Αδύναμη,37,9,0.243
Orlando Magic,2026-01-09,ORL vs. PHI,Εντός Έδρας,Philadelphia 76ers,Μεσαία,29,4,0.138
Atlanta Hawks,2026-01-09,ATL @ DEN,Εκτός Έδρας,Denver Nuggets,Κορυφαία,43,16,0.372
LA Clippers,2026-01-09,LAC @ BKN,Εκτός Έδρας,Brooklyn Nets,Αδύναμη,24,14,0.583
Sacramento Kings,2026-01-09,SAC @ GSW,Εκτός Έδρας,Golden State Warriors,Μεσαία,27,7,0.259
Phoenix Suns,2026-01-09,PHX vs. NYK,Εντός Έδρας,New York Knicks,Κορυφαία,42,16,0.381
Los Angeles Lakers,2026-01-09,LAL vs. MIL,Εντός Έδρας,Milwaukee Bucks,Αδύναμη,36,15,0.417
Milwaukee Bucks,2026-01-09,MIL @ LAL,Εκτός Έδρας,Los Angeles Lakers,Κορυφαία,34,12,0.353
Toronto Raptors,2026-01-09,TOR @ BOS,Εκτός Έδρας,Boston Celtics,Κορυφαία,47,18,0.383
Washington Wizards,2026-01-09,WAS vs. NOP,Εντός Έδρας,New Orleans Pelicans,Αδύναμη,35,11,0.314
New Orleans Pelicans,2026-01-09,NOP @ WAS,Εκτός Έδρας,Washington Wizards,Αδύναμη,34,11,0.324
New York Knicks,2026-01-09,NYK @ PHX,Εκτός Έδρας,Phoenix Suns,Μεσαία,41,16,0.39
Houston Rockets,2026-01-09,HOU @ POR,Εκτός Έδρας,Portland Trail Blazers,Μεσαία,44,10,0.227
Philadelphia 76ers,2026-01-09,PHI @ ORL,Εκτός Έδρας,Orlando Magic,Μεσαία,28,4,0.143
Memphis Grizzlies,2026-01-09,MEM vs. OKC,Εντός Έδρας,Oklahoma City Thunder,Κορυφαία,41,14,0.341
Charlotte Hornets,2026-01-08,CHA vs. IND,Εντός Έδρας,Indiana Pacers,Αδύναμη,44,16,0.364
Indiana Pacers,2026-01-08,IND @ CHA,Εκτός Έδρας,Charlotte Hornets,Μεσαία,27,12,0.444
Dallas Mavericks,2026-01-08,DAL @ UTA,Εκτός Έδρας,Utah Jazz,Αδύναμη,36,15,0.417
Utah Jazz,2026-01-08,UTA vs. DAL,Εντός Έδρας,Dallas Mavericks,Αδύναμη,41,13,0.317
Minnesota Timberwolves,2026-01-08,MIN vs. CLE,Εντός Έδρας,Cleveland Cavaliers,Κορυφαία,38,20,0.526
Cleveland Cavaliers,2026-01-08,CLE @ MIN,Εκτός Έδρας,Minnesota Timberwolves,Κορυφαία,33,11,0.333
Phoenix Suns,2026-01-07,PHX @ MEM,Εκτός Έδρας,Memphis Grizzlies,Αδύναμη,56,22,0.393
Atlanta Hawks,2026-01-07,ATL vs. NOP,Εντός Έδρας,New Orleans Pelicans,Αδύναμη,47,18,0.383
Charlotte Hornets,2026-01-07,CHA vs. TOR,Εντός Έδρας,Toronto Raptors,Μεσαία,38,14,0.368
Toronto Raptors,2026-01-07,TOR @ CHA,Εκτός Έδρας,Charlotte Hornets,Μεσαία,34,7,0.206
New York Knicks,2026-01-07,NYK vs. LAC,Εντός Έδρας,LA Clippers,Μεσαία,33,14,0.424
Denver Nuggets,2026-01-07,DEN @ BOS,Εκτός Έδρας,Boston Celtics,Κορυφαία,44,20,0.455
Portland Trail Blazers,2026-01-07,POR vs. HOU,Εντός Έδρας,Houston Rockets,Κορυφαία,40,12,0.3
LA Clippers,2026-01-07,LAC @ NYK,Εκτός Έδρας,New York Knicks,Κορυφαία,42,15,0.357
Utah Jazz,2026-01-07,UTA @ OKC,Εκτός Έδρας,Oklahoma City Thunder,Κορυφαία,41,11,0.268
Philadelphia 76ers,2026-01-07,PHI vs. WAS,Εντός Έδρας,Washington Wizards,Αδύναμη,37,14,0.378
San Antonio Spurs,2026-01-07,SAS vs. LAL,Εντός Έδρας,Los Angeles Lakers,Κορυφαία,25,4,0.16
Orlando Magic,2026-01-07,ORL @ BKN,Εκτός Έδρας,Brooklyn Nets,Αδύναμη,33,9,0.273
Houston Rockets,2026-01-07,HOU @ POR,Εκτός Έδρας,Portland Trail Blazers,Μεσαία,36,8,0.222
Brooklyn Nets,2026-01-07,BKN vs. ORL,Εντός Έδρας,Orlando Magic,Μεσαία,51,17,0.333
Chicago Bulls,2026-01-07,CHI @ DET,Εκτός Έδρας,Detroit Pistons,Κορυφαία,34,13,0.382
Detroit Pistons,2026-01-07,DET vs. CHI,Εντός Έδρας,Chicago Bulls,Αδύναμη,33,12,0.364
Golden State Warriors,2026-01-07,GSW vs. MIL,Εντός Έδρας,Milwaukee Bucks,Αδύναμη,47,18,0.383
Milwaukee Bucks,2026-01-07,MIL @ GSW,Εκτός Έδρας,Golden State Warriors,Μεσαία,32,14,0.438
Memphis Grizzlies,2026-01-07,MEM vs. PHX,Εντός Έδρας,Phoenix Suns,Μεσαία,37,12,0.324
Los Angeles Lakers,2026-01-07,LAL @ SAS,Εκτός Έδρας,San Antonio Spurs,Κορυφαία,39,9,0.231
Boston Celtics,2026-01-07,BOS vs. DEN,Εντός Έδρας,Denver Nuggets,Κορυφαία,38,15,0.395
Oklahoma City Thunder,2026-01-07,OKC vs. UTA,Εντός Έδρας,Utah Jazz,Αδύναμη,38,7,0.184
Washington Wizards,2026-01-07,WAS @ PHI,Εκτός Έδρας,Philadelphia 76ers,Μεσαία,33,13,0.394
New Orleans Pelicans,2026-01-07,NOP @ ATL,Εκτός Έδρας,Atlanta Hawks,Μεσαία,28,8,0.286
Los Angeles Lakers,2026-01-06,LAL @ NOP,Εκτός Έδρας,New Orleans Pelicans,Αδύναμη,31,11,0.355
Minnesota Timberwolves,2026-01-06,MIN vs. MIA,Εντός Έδρας,Miami Heat,Μεσαία,39,14,0.359
Dallas Mavericks,2026-01-06,DAL @ SAC,Εκτός Έδρας,Sacramento Kings,Αδύναμη,27,8,0.296
Orlando Magic,2026-01-06,ORL @ WAS,Εκτός Έδρας,Washington Wizards,Αδύναμη,33,12,0.364
Sacramento Kings,2026-01-06,SAC vs. DAL,Εντός Έδρας,Dallas Mavericks,Αδύναμη,31,9,0.29
Miami Heat,2026-01-06,MIA @ MIN,Εκτός Έδρας,Minnesota Timberwolves,Κορυφαία,37,12,0.324
Cleveland Cavaliers,2026-01-06,CLE @ IND,Εκτός Έδρας,Indiana Pacers,Αδύναμη,26,10,0.385
Washington Wizards,2026-01-06,WAS vs. ORL,Εντός Έδρας,Orlando Magic,Μεσαία,34,11,0.324
San Antonio Spurs,2026-01-06,SAS @ MEM,Εκτός Έδρας,Memphis Grizzlies,Αδύναμη,46,14,0.304
Indiana Pacers,2026-01-06,IND vs. CLE,Εντός Έδρας,Cleveland Cavaliers,Κορυφαία,35,16,0.457
New Orleans Pelicans,2026-01-06,NOP vs. LAL,Εντός Έδρας,Los Angeles Lakers,Κορυφαία,40,10,0.25
Memphis Grizzlies,2026-01-06,MEM vs. SAS,Εντός Έδρας,San Antonio Spurs,Κορυφαία,49,18,0.367
Detroit Pistons,2026-01-05,DET vs. NYK,Εντός Έδρας,New York Knicks,Κορυφαία,31,16,0.516
Chicago Bulls,2026-01-05,CHI @ BOS,Εκτός Έδρας,Boston Celtics,Κορυφαία,46,16,0.348
Toronto Raptors,2026-01-05,TOR vs. ATL,Εντός Έδρας,Atlanta Hawks,Μεσαία,37,12,0.324
Houston Rockets,2026-01-05,HOU vs. PHX,Εντός Έδρας,Phoenix Suns,Μεσαία,37,9,0.243
Boston Celtics,2026-01-05,BOS vs. CHI,Εντός Έδρας,Chicago Bulls,Αδύναμη,52,20,0.385
Denver Nuggets,2026-01-05,DEN @ PHI,Εκτός Έδρας,Philadelphia 76ers,Μεσαία,37,18,0.486
LA Clippers,2026-01-05,LAC vs. GSW,Εντός Έδρας,Golden State Warriors,Μεσαία,29,10,0.345
Golden State Warriors,2026-01-05,GSW @ LAC,Εκτός Έδρας,LA Clippers,Μεσαία,41,10,0.244
Philadelphia 76ers,2026-01-05,PHI vs. DEN,Εντός Έδρας,Denver Nuggets,Κορυφαία,45,17,0.378
Phoenix Suns,2026-01-05,PHX @ HOU,Εκτός Έδρας,Houston Rockets,Κορυφαία,41,14,0.341
Utah Jazz,2026-01-05,UTA @ POR,Εκτός Έδρας,Portland Trail Blazers,Μεσαία,31,13,0.419
Charlotte Hornets,2026-01-05,CHA @ OKC,Εκτός Έδρας,Oklahoma City Thunder,Κορυφαία,37,19,0.514
Portland Trail Blazers,2026-01-05,POR vs. UTA,Εντός Έδρας,Utah Jazz,Αδύναμη,48,19,0.396
Atlanta Hawks,2026-01-05,ATL @ TOR,Εκτός Έδρας,Toronto Raptors,Μεσαία,34,12,0.353
New York Knicks,2026-01-05,NYK @ DET,Εκτός Έδρας,Detroit Pistons,Κορυφαία,30,13,0.433
Oklahoma City Thunder,2026-01-05,OKC vs. CHA,Εντός Έδρας,Charlotte Hornets,Μεσαία,39,11,0.282
Sacramento Kings,2026-01-04,SAC vs. MIL,Εντός Έδρας,Milwaukee Bucks,Αδύναμη,25,5,0.2
Brooklyn Nets,2026-01-04,BKN vs. DEN,Εντός Έδρας,Denver Nuggets,Κορυφαία,33,14,0.424
Indiana Pacers,2026-01-04,IND @ ORL,Εκτός Έδρας,Orlando Magic,Μεσαία,34,15,0.441
Los Angeles Lakers,2026-01-04,LAL vs. MEM,Εντός Έδρας,Memphis Grizzlies,Αδύναμη,41,11,0.268
New Orleans Pelicans,2026-01-04,NOP @ MIA,Εκτός Έδρας,Miami Heat,Μεσαία,40,16,0.4
Oklahoma City Thunder,2026-01-04,OKC @ PHX,Εκτός Έδρας,Phoenix Suns,Μεσαία,32,10,0.313
Memphis Grizzlies,2026-01-04,MEM @ LAL,Εκτός Έδρας,Los Angeles Lakers,Κορυφαία,41,10,0.244
Phoenix Suns,2026-01-04,PHX vs. OKC,Εντός Έδρας,Oklahoma City Thunder,Κορυφαία,43,17,0.395
Milwaukee Bucks,2026-01-04,MIL @ SAC,Εκτός Έδρας,Sacramento Kings,Αδύναμη,37,10,0.27
Cleveland Cavaliers,2026-01-04,CLE vs. DET,Εντός Έδρας,Detroit Pistons,Κορυφαία,42,14,0.333
Miami Heat,2026-01-04,MIA vs. NOP,Εντός Έδρας,New Orleans Pelicans,Αδύναμη,44,18,0.409
Minnesota Timberwolves,2026-01-04,MIN @ WAS,Εκτός Έδρας,Washington Wizards,Αδύναμη,37,11,0.297
Detroit Pistons,2026-01-04,DET @ CLE,Εκτός Έδρας,Cleveland Cavaliers,Κορυφαία,40,15,0.375
Orlando Magic,2026-01-04,ORL vs. IND,Εντός Έδρας,Indiana Pacers,Αδύναμη,32,15,0.469
Washington Wizards,2026-01-04,WAS vs. MIN,Εντός Έδρας,Minnesota Timberwolves,Κορυφαία,36,12,0.333
Denver Nuggets,2026-01-04,DEN @ BKN,Εκτός Έδρας,Brooklyn Nets,Αδύναμη,31,11,0.355
Minnesota Timberwolves,2026-01-03,MIN @ MIA,Εκτός Έδρας,Miami Heat,Μεσαία,38,11,0.289
Utah Jazz,2026-01-03,UTA @ GSW,Εκτός Έδρας,Golden State Warriors,Μεσαία,35,13,0.371
Miami Heat,2026-01-03,MIA vs. MIN,Εντός Έδρας,Minnesota Timberwolves,Κορυφαία,37,14,0.378
Atlanta Hawks,2026-01-03,ATL @ TOR,Εκτός Έδρας,Toronto Raptors,Μεσαία,39,17,0.436
Dallas Mavericks,2026-01-03,DAL vs. HOU,Εντός Έδρας,Houston Rockets,Κορυφαία,21,8,0.381
Golden State Warriors,2026-01-03,GSW vs. UTA,Εντός Έδρας,Utah Jazz,Αδύναμη,45,19,0.422
Portland Trail Blazers,2026-01-03,POR @ SAS,Εκτός Έδρας,San Antonio Spurs,Κορυφαία,45,19,0.422
New York Knicks,2026-01-03,NYK vs. PHI,Εντός Έδρας,Philadelphia 76ers,Μεσαία,40,16,0.4
San Antonio Spurs,2026-01-03,SAS vs. POR,Εντός Έδρας,Portland Trail Blazers,Μεσαία,31,10,0.323
Toronto Raptors,2026-01-03,TOR vs. ATL,Εντός Έδρας,Atlanta Hawks,Μεσαία,31,12,0.387
Chicago Bulls,2026-01-03,CHI vs. CHA,Εντός Έδρας,Charlotte Hornets,Μεσαία,41,11,0.268
Philadelphia 76ers,2026-01-03,PHI @ NYK,Εκτός Έδρας,New York Knicks,Κορυφαία,36,17,0.472
Charlotte Hornets,2026-01-03,CHA @ CHI,Εκτός Έδρας,Chicago Bulls,Αδύναμη,41,15,0.366
Boston Celtics,2026-01-03,BOS @ LAC,Εκτός Έδρας,LA Clippers,Μεσαία,51,24,0.471
LA Clippers,2026-01-03,LAC vs. BOS,Εντός Έδρας,Boston Celtics,Κορυφαία,38,15,0.395
Houston Rockets,2026-01-03,HOU @ DAL,Εκτός Έδρας,Dallas Mavericks,Αδύναμη,41,10,0.244
Cleveland Cavaliers,2026-01-02,CLE vs. DEN,Εντός Έδρας,Denver Nuggets,Κορυφαία,39,16,0.41
Milwaukee Bucks,2026-01-02,MIL vs. CHA,Εντός Έδρας,Charlotte Hornets,Μεσαία,37,16,0.432
Denver Nuggets,2026-01-02,DEN @ CLE,Εκτός Έδρας,Cleveland Cavaliers,Κορυφαία,47,17,0.362
Oklahoma City Thunder,2026-01-02,OKC @ GSW,Εκτός Έδρας,Golden State Warriors,Μεσαία,38,16,0.421
New Orleans Pelicans,2026-01-02,NOP vs. POR,Εντός Έδρας,Portland Trail Blazers,Μεσαία,30,8,0.267
Los Angeles Lakers,2026-01-02,LAL vs. MEM,Εντός Έδρας,Memphis Grizzlies,Αδύναμη,32,11,0.344
Charlotte Hornets,2026-01-02,CHA @ MIL,Εκτός Έδρας,Milwaukee Bucks,Αδύναμη,40,18,0.45
Sacramento Kings,2026-01-02,SAC @ PHX,Εκτός Έδρας,Phoenix Suns,Μεσαία,28,10,0.357
New York Knicks,2026-01-02,NYK vs. ATL,Εντός Έδρας,Atlanta Hawks,Μεσαία,42,9,0.214
Phoenix Suns,2026-01-02,PHX vs. SAC,Εντός Έδρας,Sacramento Kings,Αδύναμη,31,8,0.258
Indiana Pacers,2026-01-02,IND vs. SAS,Εντός Έδρας,San Antonio Spurs,Κορυφαία,30,12,0.4
Brooklyn Nets,2026-01-02,BKN @ WAS,Εκτός Έδρας,Washington Wizards,Αδύναμη,29,6,0.207
Washington Wizards,2026-01-02,WAS vs. BKN,Εντός Έδρας,Brooklyn Nets,Αδύναμη,29,11,0.379
Chicago Bulls,2026-01-02,CHI vs. ORL,Εντός Έδρας,Orlando Magic,Μεσαία,41,14,0.341
Memphis Grizzlies,2026-01-02,MEM @ LAL,Εκτός Έδρας,Los Angeles Lakers,Κορυφαία,42,14,0.333
Orlando Magic,2026-01-02,ORL @ CHI,Εκτός Έδρας,Chicago Bulls,Αδύναμη,32,14,0.438
San Antonio Spurs,2026-01-02,SAS @ IND,Εκτός Έδρας,Indiana Pacers,Αδύναμη,46,13,0.283
Portland Trail Blazers,2026-01-02,POR @ NOP,Εκτός Έδρας,New Orleans Pelicans,Αδύναμη,47,16,0.34
Golden State Warriors,2026-01-02,GSW vs. OKC,Εντός Έδρας,Oklahoma City Thunder,Κορυφαία,44,13,0.295
Atlanta Hawks,2026-01-02,ATL @ NYK,Εκτός Έδρας,New York Knicks,Κορυφαία,36,12,0.333
Brooklyn Nets,2026-01-01,BKN vs. HOU,Εντός Έδρας,Houston Rockets,Κορυφαία,30,10,0.333
Miami Heat,2026-01-01,MIA @ DET,Εκτός Έδρας,Detroit Pistons,Κορυφαία,39,14,0.359
LA Clippers,2026-01-01,LAC vs. UTA,Εντός Έδρας,Utah Jazz,Αδύναμη,51,16,0.314
Sacramento Kings,2026-01-01,SAC vs. BOS,Εντός Έδρας,Boston Celtics,Κορυφαία,36,12,0.333
Boston Celtics,2026-01-01,BOS @ SAC,Εκτός Έδρας,Sacramento Kings,Αδύναμη,41,17,0.415
Dallas Mavericks,2026-01-01,DAL vs. PHI,Εντός Έδρας,Philadelphia 76ers,Μεσαία,28,6,0.214
Houston Rockets,2026-01-01,HOU @ BKN,Εκτός Έδρας,Brooklyn Nets,Αδύναμη,29,12,0.414
Philadelphia 76ers,2026-01-01,PHI @ DAL,Εκτός Έδρας,Dallas Mavericks,Αδύναμη,36,13,0.361
Utah Jazz,2026-01-01,UTA @ LAC,Εκτός Έδρας,LA Clippers,Μεσαία,27,6,0.222
Detroit Pistons,2026-01-01,DET vs. MIA,Εντός Έδρας,Miami Heat,Μεσαία,26,9,0.346
Charlotte Hornets,2025-12-31,CHA vs. GSW,Εντός Έδρας,Golden State Warriors,Μεσαία,40,16,0.4
Atlanta Hawks,2025-12-31,ATL vs. MIN,Εντός Έδρας,Minnesota Timberwolves,Κορυφαία,42,16,0.381
Portland Trail Blazers,2025-12-31,POR @ OKC,Εκτός Έδρας,Oklahoma City Thunder,Κορυφαία,35,14,0.4
Washington Wizards,2025-12-31,WAS @ MIL,Εκτός Έδρας,Milwaukee Bucks,Αδύναμη,39,19,0.487
Golden State Warriors,2025-12-31,GSW @ CHA,Εκτός Έδρας,Charlotte Hornets,Μεσαία,49,24,0.49
Chicago Bulls,2025-12-31,CHI vs. NOP,Εντός Έδρας,New Orleans Pelicans,Αδύναμη,43,15,0.349
Phoenix Suns,2025-12-31,PHX @ CLE,Εκτός Έδρας,Cleveland Cavaliers,Κορυφαία,36,15,0.417
Milwaukee Bucks,2025-12-31,MIL vs. WAS,Εντός Έδρας,Washington Wizards,Αδύναμη,39,16,0.41
New York Knicks,2025-12-31,NYK @ SAS,Εκτός Έδρας,San Antonio Spurs,Κορυφαία,52,22,0.423
Oklahoma City Thunder,2025-12-31,OKC vs. POR,Εντός Έδρας,Portland Trail Blazers,Μεσαία,49,16,0.327
Denver Nuggets,2025-12-31,DEN @ TOR,Εκτός Έδρας,Toronto Raptors,Μεσαία,34,10,0.294
Toronto Raptors,2025-12-31,TOR vs. DEN,Εντός Έδρας,Denver Nuggets,Κορυφαία,45,12,0.267
Indiana Pacers,2025-12-31,IND vs. ORL,Εντός Έδρας,Orlando Magic,Μεσαία,35,12,0.343
Cleveland Cavaliers,2025-12-31,CLE vs. PHX,Εντός Έδρας,Phoenix Suns,Μεσαία,38,15,0.395
Minnesota Timberwolves,2025-12-31,MIN @ ATL,Εκτός Έδρας,Atlanta Hawks,Μεσαία,40,14,0.35
Orlando Magic,2025-12-31,ORL @ IND,Εκτός Έδρας,Indiana Pacers,Αδύναμη,21,3,0.143
New Orleans Pelicans,2025-12-31,NOP @ CHI,Εκτός Έδρας,Chicago Bulls,Αδύναμη,38,12,0.316
San Antonio Spurs,2025-12-31,SAS vs. NYK,Εντός Έδρας,New York Knicks,Κορυφαία,38,14,0.368
Detroit Pistons,2025-12-30,DET @ LAL,Εκτός Έδρας,Los Angeles Lakers,Κορυφαία,24,11,0.458
Memphis Grizzlies,2025-12-30,MEM vs. PHI,Εντός Έδρας,Philadelphia 76ers,Μεσαία,29,11,0.379
Utah Jazz,2025-12-30,UTA vs. BOS,Εντός Έδρας,Boston Celtics,Κορυφαία,42,16,0.381
Boston Celtics,2025-12-30,BOS @ UTA,Εκτός Έδρας,Utah Jazz,Αδύναμη,44,13,0.295
Sacramento Kings,2025-12-30,SAC @ LAC,Εκτός Έδρας,LA Clippers,Μεσαία,27,9,0.333
Philadelphia 76ers,2025-12-30,PHI @ MEM,Εκτός Έδρας,Memphis Grizzlies,Αδύναμη,42,15,0.357
Los Angeles Lakers,2025-12-30,LAL vs. DET,Εντός Έδρας,Detroit Pistons,Κορυφαία,39,11,0.282
LA Clippers,2025-12-30,LAC vs. SAC,Εντός Έδρας,Sacramento Kings,Αδύναμη,38,14,0.368
Cleveland Cavaliers,2025-12-29,CLE @ SAS,Εκτός Έδρας,San Antonio Spurs,Κορυφαία,42,13,0.31
New Orleans Pelicans,2025-12-29,NOP vs. NYK,Εντός Έδρας,New York Knicks,Κορυφαία,36,14,0.389
Atlanta Hawks,2025-12-29,ATL @ OKC,Εκτός Έδρας,Oklahoma City Thunder,Κορυφαία,54,25,0.463
Denver Nuggets,2025-12-29,DEN @ MIA,Εκτός Έδρας,Miami Heat,Μεσαία,31,11,0.355
Phoenix Suns,2025-12-29,PHX @ WAS,Εκτός Έδρας,Washington Wizards,Αδύναμη,40,17,0.425
Milwaukee Bucks,2025-12-29,MIL @ CHA,Εκτός Έδρας,Charlotte Hornets,Μεσαία,34,16,0.471
Toronto Raptors,2025-12-29,TOR vs. ORL,Εντός Έδρας,Orlando Magic,Μεσαία,34,8,0.235
Orlando Magic,2025-12-29,ORL @ TOR,Εκτός Έδρας,Toronto Raptors,Μεσαία,32,9,0.281
Houston Rockets,2025-12-29,HOU vs. IND,Εντός Έδρας,Indiana Pacers,Αδύναμη,27,10,0.37
San Antonio Spurs,2025-12-29,SAS vs. CLE,Εντός Έδρας,Cleveland Cavaliers,Κορυφαία,31,7,0.226
New York Knicks,2025-12-29,NYK @ NOP,Εκτός Έδρας,New Orleans Pelicans,Αδύναμη,44,20,0.455
Chicago Bulls,2025-12-29,CHI vs. MIN,Εντός Έδρας,Minnesota Timberwolves,Κορυφαία,38,13,0.342
Miami Heat,2025-12-29,MIA vs. DEN,Εντός Έδρας,Denver Nuggets,Κορυφαία,46,22,0.478
Charlotte Hornets,2025-12-29,CHA vs. MIL,Εντός Έδρας,Milwaukee Bucks,Αδύναμη,46,17,0.37
Oklahoma City Thunder,2025-12-29,OKC vs. ATL,Εντός Έδρας,Atlanta Hawks,Μεσαία,32,12,0.375
Washington Wizards,2025-12-29,WAS vs. PHX,Εντός Έδρας,Phoenix Suns,Μεσαία,32,13,0.406
Portland Trail Blazers,2025-12-29,POR vs. DAL,Εντός Έδρας,Dallas Mavericks,Αδύναμη,41,16,0.39
Dallas Mavericks,2025-12-29,DAL @ POR,Εκτός Έδρας,Portland Trail Blazers,Μεσαία,32,11,0.344
Minnesota Timberwolves,2025-12-29,MIN @ CHI,Εκτός Έδρας,Chicago Bulls,Αδύναμη,37,15,0.405
Brooklyn Nets,2025-12-29,BKN vs. GSW,Εντός Έδρας,Golden State Warriors,Μεσαία,42,18,0.429
Indiana Pacers,2025-12-29,IND @ HOU,Εκτός Έδρας,Houston Rockets,Κορυφαία,34,18,0.529
Golden State Warriors,2025-12-29,GSW @ BKN,Εκτός Έδρας,Brooklyn Nets,Αδύναμη,33,10,0.303
Detroit Pistons,2025-12-28,DET @ LAC,Εκτός Έδρας,LA Clippers,Μεσαία,29,7,0.241
Philadelphia 76ers,2025-12-28,PHI @ OKC,Εκτός Έδρας,Oklahoma City Thunder,Κορυφαία,43,17,0.395
Golden State Warriors,2025-12-28,GSW @ TOR,Εκτός Έδρας,Toronto Raptors,Μεσαία,44,16,0.364
Washington Wizards,2025-12-28,WAS vs. MEM,Εντός Έδρας,Memphis Grizzlies,Αδύναμη,33,8,0.242
Memphis Grizzlies,2025-12-28,MEM @ WAS,Εκτός Έδρας,Washington Wizards,Αδύναμη,32,9,0.281
Los Angeles Lakers,2025-12-28,LAL vs. SAC,Εντός Έδρας,Sacramento Kings,Αδύναμη,38,15,0.395
Sacramento Kings,2025-12-28,SAC @ LAL,Εκτός Έδρας,Los Angeles Lakers,Κορυφαία,29,8,0.276
Boston Celtics,2025-12-28,BOS @ POR,Εκτός Έδρας,Portland Trail Blazers,Μεσαία,44,13,0.295
LA Clippers,2025-12-28,LAC vs. DET,Εντός Έδρας,Detroit Pistons,Κορυφαία,34,14,0.412
Oklahoma City Thunder,2025-12-28,OKC vs. PHI,Εντός Έδρας,Philadelphia 76ers,Μεσαία,28,10,0.357
Toronto Raptors,2025-12-28,TOR vs. GSW,Εντός Έδρας,Golden State Warriors,Μεσαία,42,13,0.31
Portland Trail Blazers,2025-12-28,POR vs. BOS,Εντός Έδρας,Boston Celtics,Κορυφαία,51,18,0.353
Houston Rockets,2025-12-27,HOU vs. CLE,Εντός Έδρας,Cleveland Cavaliers,Κορυφαία,35,16,0.457
Miami Heat,2025-12-27,MIA vs. IND,Εντός Έδρας,Indiana Pacers,Αδύναμη,31,12,0.387
Orlando Magic,2025-12-27,ORL vs. DEN,Εντός Έδρας,Denver Nuggets,Κορυφαία,29,10,0.345
Indiana Pacers,2025-12-27,IND @ MIA,Εκτός Έδρας,Miami Heat,Μεσαία,38,12,0.316
San Antonio Spurs,2025-12-27,SAS vs. UTA,Εντός Έδρας,Utah Jazz,Αδύναμη,44,10,0.227
Atlanta Hawks,2025-12-27,ATL vs. NYK,Εντός Έδρας,New York Knicks,Κορυφαία,43,17,0.395
New Orleans Pelicans,2025-12-27,NOP vs. PHX,Εντός Έδρας,Phoenix Suns,Μεσαία,27,9,0.333
Sacramento Kings,2025-12-27,SAC vs. DAL,Εντός Έδρας,Dallas Mavericks,Αδύναμη,38,17,0.447
Denver Nuggets,2025-12-27,DEN @ ORL,Εκτός Έδρας,Orlando Magic,Μεσαία,29,11,0.379
Phoenix Suns,2025-12-27,PHX @ NOP,Εκτός Έδρας,New Orleans Pelicans,Αδύναμη,44,20,0.455
Dallas Mavericks,2025-12-27,DAL @ SAC,Εκτός Έδρας,Sacramento Kings,Αδύναμη,27,13,0.481
New York Knicks,2025-12-27,NYK @ ATL,Εκτός Έδρας,Atlanta Hawks,Μεσαία,43,15,0.349
Brooklyn Nets,2025-12-27,BKN @ MIN,Εκτός Έδρας,Minnesota Timberwolves,Κορυφαία,40,11,0.275
Cleveland Cavaliers,2025-12-27,CLE @ HOU,Εκτός Έδρας,Houston Rockets,Κορυφαία,36,11,0.306
Minnesota Timberwolves,2025-12-27,MIN vs. BKN,Εντός Έδρας,Brooklyn Nets,Αδύναμη,31,13,0.419
Utah Jazz,2025-12-27,UTA @ SAS,Εκτός Έδρας,San Antonio Spurs,Κορυφαία,37,17,0.459
Chicago Bulls,2025-12-27,CHI vs. MIL,Εντός Έδρας,Milwaukee Bucks,Αδύναμη,38,13,0.342
Milwaukee Bucks,2025-12-27,MIL @ CHI,Εκτός Έδρας,Chicago Bulls,Αδύναμη,36,13,0.361
Milwaukee Bucks,2025-12-26,MIL @ MEM,Εκτός Έδρας,Memphis Grizzlies,Αδύναμη,39,14,0.359
Philadelphia 76ers,2025-12-26,PHI @ CHI,Εκτός Έδρας,Chicago Bulls,Αδύναμη,39,11,0.282
Washington Wizards,2025-12-26,WAS vs. TOR,Εντός Έδρας,Toronto Raptors,Μεσαία,33,15,0.455
Utah Jazz,2025-12-26,UTA vs. DET,Εντός Έδρας,Detroit Pistons,Κορυφαία,38,18,0.474
Indiana Pacers,2025-12-26,IND vs. BOS,Εντός Έδρας,Boston Celtics,Κορυφαία,44,18,0.409
Detroit Pistons,2025-12-26,DET @ UTA,Εκτός Έδρας,Utah Jazz,Αδύναμη,37,18,0.486
LA Clippers,2025-12-26,LAC @ POR,Εκτός Έδρας,Portland Trail Blazers,Μεσαία,40,20,0.5
Memphis Grizzlies,2025-12-26,MEM vs. MIL,Εντός Έδρας,Milwaukee Bucks,Αδύναμη,34,13,0.382
Portland Trail Blazers,2025-12-26,POR vs. LAC,Εντός Έδρας,LA Clippers,Μεσαία,39,16,0.41
Phoenix Suns,2025-12-26,PHX @ NOP,Εκτός Έδρας,New Orleans Pelicans,Αδύναμη,40,8,0.2
Charlotte Hornets,2025-12-26,CHA @ ORL,Εκτός Έδρας,Orlando Magic,Μεσαία,39,19,0.487
Boston Celtics,2025-12-26,BOS @ IND,Εκτός Έδρας,Indiana Pacers,Αδύναμη,39,20,0.513
Atlanta Hawks,2025-12-26,ATL vs. MIA,Εντός Έδρας,Miami Heat,Μεσαία,36,12,0.333
New Orleans Pelicans,2025-12-26,NOP vs. PHX,Εντός Έδρας,Phoenix Suns,Μεσαία,25,5,0.2
Miami Heat,2025-12-26,MIA @ ATL,Εκτός Έδρας,Atlanta Hawks,Μεσαία,36,11,0.306
Orlando Magic,2025-12-26,ORL vs. CHA,Εντός Έδρας,Charlotte Hornets,Μεσαία,35,11,0.314
Chicago Bulls,2025-12-26,CHI vs. PHI,Εντός Έδρας,Philadelphia 76ers,Μεσαία,41,14,0.341
Toronto Raptors,2025-12-26,TOR @ WAS,Εκτός Έδρας,Washington Wizards,Αδύναμη,36,12,0.333
Houston Rockets,2025-12-25,HOU @ LAL,Εκτός Έδρας,Los Angeles Lakers,Κορυφαία,24,8,0.333
Minnesota Timberwolves,2025-12-25,MIN @ DEN,Εκτός Έδρας,Denver Nuggets,Κορυφαία,45,12,0.267
Golden State Warriors,2025-12-25,GSW vs. DAL,Εντός Έδρας,Dallas Mavericks,Αδύναμη,50,14,0.28
Cleveland Cavaliers,2025-12-25,CLE @ NYK,Εκτός Έδρας,New York Knicks,Κορυφαία,34,15,0.441
Denver Nuggets,2025-12-25,DEN vs. MIN,Εντός Έδρας,Minnesota Timberwolves,Κορυφαία,43,19,0.442
Dallas Mavericks,2025-12-25,DAL @ GSW,Εκτός Έδρας,Golden State Warriors,Μεσαία,14,4,0.286
Los Angeles Lakers,2025-12-25,LAL vs. HOU,Εντός Έδρας,Houston Rockets,Κορυφαία,30,11,0.367
Oklahoma City Thunder,2025-12-25,OKC vs. SAS,Εντός Έδρας,San Antonio Spurs,Κορυφαία,44,11,0.25
New York Knicks,2025-12-25,NYK vs. CLE,Εντός Έδρας,Cleveland Cavaliers,Κορυφαία,44,21,0.477
San Antonio Spurs,2025-12-25,SAS @ OKC,Εκτός Έδρας,Oklahoma City Thunder,Κορυφαία,29,11,0.379
Brooklyn Nets,2025-12-23,BKN @ PHI,Εκτός Έδρας,Philadelphia 76ers,Μεσαία,45,17,0.378
Minnesota Timberwolves,2025-12-23,MIN vs. NYK,Εντός Έδρας,New York Knicks,Κορυφαία,46,15,0.326
New York Knicks,2025-12-23,NYK @ MIN,Εκτός Έδρας,Minnesota Timberwolves,Κορυφαία,30,11,0.367
Oklahoma City Thunder,2025-12-23,OKC @ SAS,Εκτός Έδρας,San Antonio Spurs,Κορυφαία,30,12,0.4
Milwaukee Bucks,2025-12-23,MIL @ IND,Εκτός Έδρας,Indiana Pacers,Αδύναμη,30,10,0.333
Toronto Raptors,2025-12-23,TOR @ MIA,Εκτός Έδρας,Miami Heat,Μεσαία,38,14,0.368
LA Clippers,2025-12-23,LAC vs. HOU,Εντός Έδρας,Houston Rockets,Κορυφαία,37,20,0.541
Los Angeles Lakers,2025-12-23,LAL @ PHX,Εκτός Έδρας,Phoenix Suns,Μεσαία,32,12,0.375
Sacramento Kings,2025-12-23,SAC vs. DET,Εντός Έδρας,Detroit Pistons,Κορυφαία,33,11,0.333
Washington Wizards,2025-12-23,WAS @ CHA,Εκτός Έδρας,Charlotte Hornets,Μεσαία,35,10,0.286
Phoenix Suns,2025-12-23,PHX vs. LAL,Εντός Έδρας,Los Angeles Lakers,Κορυφαία,34,14,0.412
Atlanta Hawks,2025-12-23,ATL vs. CHI,Εντός Έδρας,Chicago Bulls,Αδύναμη,42,14,0.333
Indiana Pacers,2025-12-23,IND vs. MIL,Εντός Έδρας,Milwaukee Bucks,Αδύναμη,31,8,0.258
Chicago Bulls,2025-12-23,CHI @ ATL,Εκτός Έδρας,Atlanta Hawks,Μεσαία,39,13,0.333
Memphis Grizzlies,2025-12-23,MEM @ UTA,Εκτός Έδρας,Utah Jazz,Αδύναμη,45,19,0.422
San Antonio Spurs,2025-12-23,SAS vs. OKC,Εντός Έδρας,Oklahoma City Thunder,Κορυφαία,36,16,0.444
Denver Nuggets,2025-12-23,DEN @ DAL,Εκτός Έδρας,Dallas Mavericks,Αδύναμη,41,20,0.488
Orlando Magic,2025-12-23,ORL @ POR,Εκτός Έδρας,Portland Trail Blazers,Μεσαία,33,15,0.455
New Orleans Pelicans,2025-12-23,NOP @ CLE,Εκτός Έδρας,Cleveland Cavaliers,Κορυφαία,26,11,0.423
Philadelphia 76ers,2025-12-23,PHI vs. BKN,Εντός Έδρας,Brooklyn Nets,Αδύναμη,27,7,0.259
Cleveland Cavaliers,2025-12-23,CLE vs. NOP,Εντός Έδρας,New Orleans Pelicans,Αδύναμη,49,20,0.408
Utah Jazz,2025-12-23,UTA vs. MEM,Εντός Έδρας,Memphis Grizzlies,Αδύναμη,45,16,0.356
Miami Heat,2025-12-23,MIA vs. TOR,Εντός Έδρας,Toronto Raptors,Μεσαία,30,8,0.267
Detroit Pistons,2025-12-23,DET @ SAC,Εκτός Έδρας,Sacramento Kings,Αδύναμη,32,14,0.438
Houston Rockets,2025-12-23,HOU @ LAC,Εκτός Έδρας,LA Clippers,Μεσαία,30,9,0.3
Charlotte Hornets,2025-12-23,CHA vs. WAS,Εντός Έδρας,Washington Wizards,Αδύναμη,50,20,0.4
Dallas Mavericks,2025-12-23,DAL vs. DEN,Εντός Έδρας,Denver Nuggets,Κορυφαία,27,11,0.407
Portland Trail Blazers,2025-12-23,POR vs. ORL,Εντός Έδρας,Orlando Magic,Μεσαία,32,9,0.281
Boston Celtics,2025-12-22,BOS vs. IND,Εντός Έδρας,Indiana Pacers,Αδύναμη,37,11,0.297
Utah Jazz,2025-12-22,UTA @ DEN,Εκτός Έδρας,Denver Nuggets,Κορυφαία,41,14,0.341
Portland Trail Blazers,2025-12-22,POR vs. DET,Εντός Έδρας,Detroit Pistons,Κορυφαία,32,7,0.219
New Orleans Pelicans,2025-12-22,NOP vs. DAL,Εντός Έδρας,Dallas Mavericks,Αδύναμη,34,8,0.235
Detroit Pistons,2025-12-22,DET @ POR,Εκτός Έδρας,Portland Trail Blazers,Μεσαία,30,7,0.233
Memphis Grizzlies,2025-12-22,MEM @ OKC,Εκτός Έδρας,Oklahoma City Thunder,Κορυφαία,41,18,0.439
Indiana Pacers,2025-12-22,IND @ BOS,Εκτός Έδρας,Boston Celtics,Κορυφαία,40,13,0.325
Oklahoma City Thunder,2025-12-22,OKC vs. MEM,Εντός Έδρας,Memphis Grizzlies,Αδύναμη,39,15,0.385
Golden State Warriors,2025-12-22,GSW vs. ORL,Εντός Έδρας,Orlando Magic,Μεσαία,37,11,0.297
Denver Nuggets,2025-12-22,DEN vs. UTA,Εντός Έδρας,Utah Jazz,Αδύναμη,47,24,0.511
Dallas Mavericks,2025-12-22,DAL @ NOP,Εκτός Έδρας,New Orleans Pelicans,Αδύναμη,33,10,0.303
Cleveland Cavaliers,2025-12-22,CLE vs. CHA,Εντός Έδρας,Charlotte Hornets,Μεσαία,44,24,0.545
Charlotte Hornets,2025-12-22,CHA @ CLE,Εκτός Έδρας,Cleveland Cavaliers,Κορυφαία,42,21,0.5
Orlando Magic,2025-12-22,ORL @ GSW,Εκτός Έδρας,Golden State Warriors,Μεσαία,27,7,0.259
Chicago Bulls,2025-12-21,CHI @ ATL,Εκτός Έδρας,Atlanta Hawks,Μεσαία,42,20,0.476
Houston Rockets,2025-12-21,HOU @ SAC,Εκτός Έδρας,Sacramento Kings,Αδύναμη,38,16,0.421
Washington Wizards,2025-12-21,WAS vs. SAS,Εντός Έδρας,San Antonio Spurs,Κορυφαία,45,11,0.244
San Antonio Spurs,2025-12-21,SAS @ WAS,Εκτός Έδρας,Washington Wizards,Αδύναμη,41,13,0.317
Miami Heat,2025-12-21,MIA @ NYK,Εκτός Έδρας,New York Knicks,Κορυφαία,35,17,0.486
Atlanta Hawks,2025-12-21,ATL vs. CHI,Εντός Έδρας,Chicago Bulls,Αδύναμη,47,23,0.489
Toronto Raptors,2025-12-21,TOR @ BKN,Εκτός Έδρας,Brooklyn Nets,Αδύναμη,36,10,0.278
Brooklyn Nets,2025-12-21,BKN vs. TOR,Εντός Έδρας,Toronto Raptors,Μεσαία,35,14,0.4
New York Knicks,2025-12-21,NYK vs. MIA,Εντός Έδρας,Miami Heat,Μεσαία,38,20,0.526
Sacramento Kings,2025-12-21,SAC vs. HOU,Εντός Έδρας,Houston Rockets,Κορυφαία,32,12,0.375
Minnesota Timberwolves,2025-12-21,MIN vs. MIL,Εντός Έδρας,Milwaukee Bucks,Αδύναμη,46,14,0.304
Milwaukee Bucks,2025-12-21,MIL @ MIN,Εκτός Έδρας,Minnesota Timberwolves,Κορυφαία,45,13,0.289
Portland Trail Blazers,2025-12-20,POR @ SAC,Εκτός Έδρας,Sacramento Kings,Αδύναμη,32,11,0.344
Houston Rockets,2025-12-20,HOU @ DEN,Εκτός Έδρας,Denver Nuggets,Κορυφαία,35,19,0.543
Boston Celtics,2025-12-20,BOS @ TOR,Εκτός Έδρας,Toronto Raptors,Μεσαία,39,12,0.308
Phoenix Suns,2025-12-20,PHX @ GSW,Εκτός Έδρας,Golden State Warriors,Μεσαία,35,12,0.343
Denver Nuggets,2025-12-20,DEN vs. HOU,Εντός Έδρας,Houston Rockets,Κορυφαία,29,8,0.276
Dallas Mavericks,2025-12-20,DAL @ PHI,Εκτός Έδρας,Philadelphia 76ers,Μεσαία,18,3,0.167
Philadelphia 76ers,2025-12-20,PHI vs. DAL,Εντός Έδρας,Dallas Mavericks,Αδύναμη,40,12,0.3
Indiana Pacers,2025-12-20,IND @ NOP,Εκτός Έδρας,New Orleans Pelicans,Αδύναμη,42,8,0.19
Sacramento Kings,2025-12-20,SAC vs. POR,Εντός Έδρας,Portland Trail Blazers,Μεσαία,31,6,0.194
Charlotte Hornets,2025-12-20,CHA @ DET,Εκτός Έδρας,Detroit Pistons,Κορυφαία,41,13,0.317
Orlando Magic,2025-12-20,ORL @ UTA,Εκτός Έδρας,Utah Jazz,Αδύναμη,37,11,0.297
New Orleans Pelicans,2025-12-20,NOP vs. IND,Εντός Έδρας,Indiana Pacers,Αδύναμη,27,9,0.333
Golden State Warriors,2025-12-20,GSW vs. PHX,Εντός Έδρας,Phoenix Suns,Μεσαία,49,17,0.347
Utah Jazz,2025-12-20,UTA vs. ORL,Εντός Έδρας,Orlando Magic,Μεσαία,43,15,0.349
Washington Wizards,2025-12-20,WAS @ MEM,Εκτός Έδρας,Memphis Grizzlies,Αδύναμη,44,17,0.386
Los Angeles Lakers,2025-12-20,LAL @ LAC,Εκτός Έδρας,LA Clippers,Μεσαία,38,6,0.158
Memphis Grizzlies,2025-12-20,MEM vs. WAS,Εντός Έδρας,Washington Wizards,Αδύναμη,44,16,0.364
Toronto Raptors,2025-12-20,TOR vs. BOS,Εντός Έδρας,Boston Celtics,Κορυφαία,47,16,0.34
LA Clippers,2025-12-20,LAC vs. LAL,Εντός Έδρας,Los Angeles Lakers,Κορυφαία,43,16,0.372
Detroit Pistons,2025-12-20,DET vs. CHA,Εντός Έδρας,Charlotte Hornets,Μεσαία,28,6,0.214
New York Knicks,2025-12-19,NYK vs. PHI,Εντός Έδρας,Philadelphia 76ers,Μεσαία,32,8,0.25
Chicago Bulls,2025-12-19,CHI @ CLE,Εκτός Έδρας,Cleveland Cavaliers,Κορυφαία,47,18,0.383
Cleveland Cavaliers,2025-12-19,CLE vs. CHI,Εντός Έδρας,Chicago Bulls,Αδύναμη,39,14,0.359
Miami Heat,2025-12-19,MIA @ BOS,Εκτός Έδρας,Boston Celtics,Κορυφαία,49,19,0.388
Boston Celtics,2025-12-19,BOS vs. MIA,Εντός Έδρας,Miami Heat,Μεσαία,43,21,0.488
Philadelphia 76ers,2025-12-19,PHI @ NYK,Εκτός Έδρας,New York Knicks,Κορυφαία,41,17,0.415
Atlanta Hawks,2025-12-19,ATL vs. SAS,Εντός Έδρας,San Antonio Spurs,Κορυφαία,40,10,0.25
San Antonio Spurs,2025-12-19,SAS @ ATL,Εκτός Έδρας,Atlanta Hawks,Μεσαία,36,13,0.361
Minnesota Timberwolves,2025-12-19,MIN vs. OKC,Εντός Έδρας,Oklahoma City Thunder,Κορυφαία,37,13,0.351
Oklahoma City Thunder,2025-12-19,OKC @ MIN,Εκτός Έδρας,Minnesota Timberwolves,Κορυφαία,39,11,0.282
New York Knicks,2025-12-18,NYK @ IND,Εκτός Έδρας,Indiana Pacers,Αδύναμη,43,17,0.395
Golden State Warriors,2025-12-18,GSW @ PHX,Εκτός Έδρας,Phoenix Suns,Μεσαία,42,12,0.286
San Antonio Spurs,2025-12-18,SAS vs. WAS,Εντός Έδρας,Washington Wizards,Αδύναμη,42,15,0.357
New Orleans Pelicans,2025-12-18,NOP vs. HOU,Εντός Έδρας,Houston Rockets,Κορυφαία,27,11,0.407
Milwaukee Bucks,2025-12-18,MIL vs. TOR,Εντός Έδρας,Toronto Raptors,Μεσαία,37,15,0.405
LA Clippers,2025-12-18,LAC @ OKC,Εκτός Έδρας,Oklahoma City Thunder,Κορυφαία,32,10,0.313
Phoenix Suns,2025-12-18,PHX vs. GSW,Εντός Έδρας,Golden State Warriors,Μεσαία,35,10,0.286
Indiana Pacers,2025-12-18,IND vs. NYK,Εντός Έδρας,New York Knicks,Κορυφαία,34,11,0.324
Los Angeles Lakers,2025-12-18,LAL @ UTA,Εκτός Έδρας,Utah Jazz,Αδύναμη,39,13,0.333
Detroit Pistons,2025-12-18,DET @ DAL,Εκτός Έδρας,Dallas Mavericks,Αδύναμη,33,6,0.182
Houston Rockets,2025-12-18,HOU @ NOP,Εκτός Έδρας,New Orleans Pelicans,Αδύναμη,32,10,0.313
Atlanta Hawks,2025-12-18,ATL @ CHA,Εκτός Έδρας,Charlotte Hornets,Μεσαία,37,11,0.297
Washington Wizards,2025-12-18,WAS @ SAS,Εκτός Έδρας,San Antonio Spurs,Κορυφαία,36,9,0.25
Denver Nuggets,2025-12-18,DEN vs. ORL,Εντός Έδρας,Orlando Magic,Μεσαία,36,16,0.444
Oklahoma City Thunder,2025-12-18,OKC vs. LAC,Εντός Έδρας,LA Clippers,Μεσαία,36,13,0.361
Toronto Raptors,2025-12-18,TOR @ MIL,Εκτός Έδρας,Milwaukee Bucks,Αδύναμη,35,13,0.371
Utah Jazz,2025-12-18,UTA vs. LAL,Εντός Έδρας,Los Angeles Lakers,Κορυφαία,37,18,0.486
Portland Trail Blazers,2025-12-18,POR vs. SAC,Εντός Έδρας,Sacramento Kings,Αδύναμη,45,15,0.333
Orlando Magic,2025-12-18,ORL @ DEN,Εκτός Έδρας,Denver Nuggets,Κορυφαία,33,11,0.333
Brooklyn Nets,2025-12-18,BKN vs. MIA,Εντός Έδρας,Miami Heat,Μεσαία,49,11,0.224
Miami Heat,2025-12-18,MIA @ BKN,Εκτός Έδρας,Brooklyn Nets,Αδύναμη,28,9,0.321
Dallas Mavericks,2025-12-18,DAL vs. DET,Εντός Έδρας,Detroit Pistons,Κορυφαία,27,5,0.185
Sacramento Kings,2025-12-18,SAC @ POR,Εκτός Έδρας,Portland Trail Blazers,Μεσαία,19,6,0.316
Charlotte Hornets,2025-12-18,CHA vs. ATL,Εντός Έδρας,Atlanta Hawks,Μεσαία,49,24,0.49
Chicago Bulls,2025-12-17,CHI vs. CLE,Εντός Έδρας,Cleveland Cavaliers,Κορυφαία,36,14,0.389
Memphis Grizzlies,2025-12-17,MEM @ MIN,Εκτός Έδρας,Minnesota Timberwolves,Κορυφαία,34,11,0.324
Minnesota Timberwolves,2025-12-17,MIN vs. MEM,Εντός Έδρας,Memphis Grizzlies,Αδύναμη,44,13,0.295
Cleveland Cavaliers,2025-12-17,CLE @ CHI,Εκτός Έδρας,Chicago Bulls,Αδύναμη,39,12,0.308
Boston Celtics,2025-12-15,BOS vs. DET,Εντός Έδρας,Detroit Pistons,Κορυφαία,39,10,0.256
LA Clippers,2025-12-15,LAC vs. MEM,Εντός Έδρας,Memphis Grizzlies,Αδύναμη,36,13,0.361
Miami Heat,2025-12-15,MIA vs. TOR,Εντός Έδρας,Toronto Raptors,Μεσαία,31,9,0.29
Denver Nuggets,2025-12-15,DEN vs. HOU,Εντός Έδρας,Houston Rockets,Κορυφαία,34,15,0.441
Toronto Raptors,2025-12-15,TOR @ MIA,Εκτός Έδρας,Miami Heat,Μεσαία,40,16,0.4
Houston Rockets,2025-12-15,HOU @ DEN,Εκτός Έδρας,Denver Nuggets,Κορυφαία,25,12,0.48
Memphis Grizzlies,2025-12-15,MEM @ LAC,Εκτός Έδρας,LA Clippers,Μεσαία,39,16,0.41
Dallas Mavericks,2025-12-15,DAL @ UTA,Εκτός Έδρας,Utah Jazz,Αδύναμη,27,9,0.333
Utah Jazz,2025-12-15,UTA vs. DAL,Εντός Έδρας,Dallas Mavericks,Αδύναμη,36,13,0.361
Detroit Pistons,2025-12-15,DET @ BOS,Εκτός Έδρας,Boston Celtics,Κορυφαία,36,13,0.361
Charlotte Hornets,2025-12-14,CHA @ CLE,Εκτός Έδρας,Cleveland Cavaliers,Κορυφαία,44,17,0.386
Indiana Pacers,2025-12-14,IND vs. WAS,Εντός Έδρας,Washington Wizards,Αδύναμη,39,10,0.256
Sacramento Kings,2025-12-14,SAC @ MIN,Εκτός Έδρας,Minnesota Timberwolves,Κορυφαία,23,10,0.435
Philadelphia 76ers,2025-12-14,PHI @ ATL,Εκτός Έδρας,Atlanta Hawks,Μεσαία,41,17,0.415
Minnesota Timberwolves,2025-12-14,MIN vs. SAC,Εντός Έδρας,Sacramento Kings,Αδύναμη,37,12,0.324
Atlanta Hawks,2025-12-14,ATL vs. PHI,Εντός Έδρας,Philadelphia 76ers,Μεσαία,33,17,0.515
Portland Trail Blazers,2025-12-14,POR vs. GSW,Εντός Έδρας,Golden State Warriors,Μεσαία,39,20,0.513
Los Angeles Lakers,2025-12-14,LAL @ PHX,Εκτός Έδρας,Phoenix Suns,Μεσαία,37,7,0.189
New Orleans Pelicans,2025-12-14,NOP @ CHI,Εκτός Έδρας,Chicago Bulls,Αδύναμη,33,8,0.242
Milwaukee Bucks,2025-12-14,MIL @ BKN,Εκτός Έδρας,Brooklyn Nets,Αδύναμη,35,8,0.229
Brooklyn Nets,2025-12-14,BKN vs. MIL,Εντός Έδρας,Milwaukee Bucks,Αδύναμη,43,19,0.442
Washington Wizards,2025-12-14,WAS @ IND,Εκτός Έδρας,Indiana Pacers,Αδύναμη,28,10,0.357
Phoenix Suns,2025-12-14,PHX vs. LAL,Εντός Έδρας,Los Angeles Lakers,Κορυφαία,37,13,0.351
Cleveland Cavaliers,2025-12-14,CLE vs. CHA,Εντός Έδρας,Charlotte Hornets,Μεσαία,38,12,0.316
Golden State Warriors,2025-12-14,GSW @ POR,Εκτός Έδρας,Portland Trail Blazers,Μεσαία,47,24,0.511
Chicago Bulls,2025-12-14,CHI vs. NOP,Εντός Έδρας,New Orleans Pelicans,Αδύναμη,49,13,0.265
Orlando Magic,2025-12-13,NYK @ ORL,Εκτός Έδρας,New York Knicks,Κορυφαία,42,13,0.31
Oklahoma City Thunder,2025-12-13,SAS @ OKC,Εκτός Έδρας,San Antonio Spurs,Κορυφαία,37,9,0.243
New York Knicks,2025-12-13,NYK @ ORL,Εκτός Έδρας,Orlando Magic,Μεσαία,20,7,0.35
San Antonio Spurs,2025-12-13,SAS @ OKC,Εκτός Έδρας,Oklahoma City Thunder,Κορυφαία,42,13,0.31
Cleveland Cavaliers,2025-12-12,CLE @ WAS,Εκτός Έδρας,Washington Wizards,Αδύναμη,53,15,0.283
Utah Jazz,2025-12-12,UTA @ MEM,Εκτός Έδρας,Memphis Grizzlies,Αδύναμη,47,17,0.362
Atlanta Hawks,2025-12-12,ATL @ DET,Εκτός Έδρας,Detroit Pistons,Κορυφαία,36,11,0.306
Charlotte Hornets,2025-12-12,CHA vs. CHI,Εντός Έδρας,Chicago Bulls,Αδύναμη,37,16,0.432
Detroit Pistons,2025-12-12,DET vs. ATL,Εντός Έδρας,Atlanta Hawks,Μεσαία,29,12,0.414
Washington Wizards,2025-12-12,WAS vs. CLE,Εντός Έδρας,Cleveland Cavaliers,Κορυφαία,44,16,0.364
Memphis Grizzlies,2025-12-12,MEM vs. UTA,Εντός Έδρας,Utah Jazz,Αδύναμη,41,19,0.463
Dallas Mavericks,2025-12-12,DAL vs. BKN,Εντός Έδρας,Brooklyn Nets,Αδύναμη,30,10,0.333
Brooklyn Nets,2025-12-12,BKN @ DAL,Εκτός Έδρας,Dallas Mavericks,Αδύναμη,39,17,0.436
Philadelphia 76ers,2025-12-12,PHI vs. IND,Εντός Έδρας,Indiana Pacers,Αδύναμη,37,12,0.324
Golden State Warriors,2025-12-12,GSW vs. MIN,Εντός Έδρας,Minnesota Timberwolves,Κορυφαία,46,15,0.326
Chicago Bulls,2025-12-12,CHI @ CHA,Εκτός Έδρας,Charlotte Hornets,Μεσαία,28,10,0.357
Indiana Pacers,2025-12-12,IND @ PHI,Εκτός Έδρας,Philadelphia 76ers,Μεσαία,38,13,0.342
Minnesota Timberwolves,2025-12-12,MIN @ GSW,Εκτός Έδρας,Golden State Warriors,Μεσαία,31,11,0.355
Houston Rockets,2025-12-11,HOU vs. LAC,Εντός Έδρας,LA Clippers,Μεσαία,34,12,0.353
LA Clippers,2025-12-11,LAC @ HOU,Εκτός Έδρας,Houston Rockets,Κορυφαία,38,14,0.368
Milwaukee Bucks,2025-12-11,MIL vs. BOS,Εντός Έδρας,Boston Celtics,Κορυφαία,29,13,0.448
New Orleans Pelicans,2025-12-11,NOP vs. POR,Εντός Έδρας,Portland Trail Blazers,Μεσαία,32,12,0.375
Portland Trail Blazers,2025-12-11,POR @ NOP,Εκτός Έδρας,New Orleans Pelicans,Αδύναμη,48,14,0.292
Boston Celtics,2025-12-11,BOS @ MIL,Εκτός Έδρας,Milwaukee Bucks,Αδύναμη,49,14,0.286
Denver Nuggets,2025-12-11,DEN @ SAC,Εκτός Έδρας,Sacramento Kings,Αδύναμη,29,12,0.414
Sacramento Kings,2025-12-11,SAC vs. DEN,Εντός Έδρας,Denver Nuggets,Κορυφαία,38,11,0.289
Oklahoma City Thunder,2025-12-10,OKC vs. PHX,Εντός Έδρας,Phoenix Suns,Μεσαία,40,22,0.55
Los Angeles Lakers,2025-12-10,LAL vs. SAS,Εντός Έδρας,San Antonio Spurs,Κορυφαία,37,16,0.432
Phoenix Suns,2025-12-10,PHX @ OKC,Εκτός Έδρας,Oklahoma City Thunder,Κορυφαία,31,10,0.323
San Antonio Spurs,2025-12-10,SAS @ LAL,Εκτός Έδρας,Los Angeles Lakers,Κορυφαία,38,17,0.447
Orlando Magic,2025-12-09,ORL vs. MIA,Εντός Έδρας,Miami Heat,Μεσαία,32,15,0.469
Toronto Raptors,2025-12-09,TOR vs. NYK,Εντός Έδρας,New York Knicks,Κορυφαία,38,11,0.289
Miami Heat,2025-12-09,MIA @ ORL,Εκτός Έδρας,Orlando Magic,Μεσαία,33,8,0.242
New York Knicks,2025-12-09,NYK @ TOR,Εκτός Έδρας,Toronto Raptors,Μεσαία,35,16,0.457
Phoenix Suns,2025-12-08,PHX @ MIN,Εκτός Έδρας,Minnesota Timberwolves,Κορυφαία,33,12,0.364
San Antonio Spurs,2025-12-08,SAS @ NOP,Εκτός Έδρας,New Orleans Pelicans,Αδύναμη,36,17,0.472
New Orleans Pelicans,2025-12-08,NOP vs. SAS,Εντός Έδρας,San Antonio Spurs,Κορυφαία,26,7,0.269
Indiana Pacers,2025-12-08,IND vs. SAC,Εντός Έδρας,Sacramento Kings,Αδύναμη,35,14,0.4
Minnesota Timberwolves,2025-12-08,MIN vs. PHX,Εντός Έδρας,Phoenix Suns,Μεσαία,42,11,0.262
Sacramento Kings,2025-12-08,SAC @ IND,Εκτός Έδρας,Indiana Pacers,Αδύναμη,22,7,0.318
Oklahoma City Thunder,2025-12-07,OKC @ UTA,Εκτός Έδρας,Utah Jazz,Αδύναμη,42,21,0.5
Charlotte Hornets,2025-12-07,CHA vs. DEN,Εντός Έδρας,Denver Nuggets,Κορυφαία,46,14,0.304
Orlando Magic,2025-12-07,ORL @ NYK,Εκτός Έδρας,New York Knicks,Κορυφαία,42,12,0.286
New York Knicks,2025-12-07,NYK vs. ORL,Εντός Έδρας,Orlando Magic,Μεσαία,35,11,0.314
Chicago Bulls,2025-12-07,CHI vs. GSW,Εντός Έδρας,Golden State Warriors,Μεσαία,40,11,0.275
Toronto Raptors,2025-12-07,TOR vs. BOS,Εντός Έδρας,Boston Celtics,Κορυφαία,22,9,0.409
Portland Trail Blazers,2025-12-07,POR @ MEM,Εκτός Έδρας,Memphis Grizzlies,Αδύναμη,43,15,0.349
Denver Nuggets,2025-12-07,DEN @ CHA,Εκτός Έδρας,Charlotte Hornets,Μεσαία,35,13,0.371
Boston Celtics,2025-12-07,BOS @ TOR,Εκτός Έδρας,Toronto Raptors,Μεσαία,47,20,0.426
Golden State Warriors,2025-12-07,GSW @ CHI,Εκτός Έδρας,Chicago Bulls,Αδύναμη,47,22,0.468
Los Angeles Lakers,2025-12-07,LAL @ PHI,Εκτός Έδρας,Philadelphia 76ers,Μεσαία,36,13,0.361
Memphis Grizzlies,2025-12-07,MEM vs. POR,Εντός Έδρας,Portland Trail Blazers,Μεσαία,35,10,0.286
Philadelphia 76ers,2025-12-07,PHI vs. LAL,Εντός Έδρας,Los Angeles Lakers,Κορυφαία,36,13,0.361
Utah Jazz,2025-12-07,UTA vs. OKC,Εντός Έδρας,Oklahoma City Thunder,Κορυφαία,36,12,0.333
Sacramento Kings,2025-12-06,SAC @ MIA,Εκτός Έδρας,Miami Heat,Μεσαία,33,14,0.424
Minnesota Timberwolves,2025-12-06,MIN vs. LAC,Εντός Έδρας,LA Clippers,Μεσαία,25,11,0.44
Brooklyn Nets,2025-12-06,BKN vs. NOP,Εντός Έδρας,New Orleans Pelicans,Αδύναμη,35,14,0.4
Golden State Warriors,2025-12-06,GSW @ CLE,Εκτός Έδρας,Cleveland Cavaliers,Κορυφαία,35,13,0.371
Atlanta Hawks,2025-12-06,ATL @ WAS,Εκτός Έδρας,Washington Wizards,Αδύναμη,39,13,0.333
Milwaukee Bucks,2025-12-06,MIL @ DET,Εκτός Έδρας,Detroit Pistons,Κορυφαία,38,16,0.421
Dallas Mavericks,2025-12-06,DAL vs. HOU,Εντός Έδρας,Houston Rockets,Κορυφαία,19,7,0.368
New Orleans Pelicans,2025-12-06,NOP @ BKN,Εκτός Έδρας,Brooklyn Nets,Αδύναμη,25,9,0.36
Miami Heat,2025-12-06,MIA vs. SAC,Εντός Έδρας,Sacramento Kings,Αδύναμη,31,9,0.29
Houston Rockets,2025-12-06,HOU @ DAL,Εκτός Έδρας,Dallas Mavericks,Αδύναμη,29,10,0.345
LA Clippers,2025-12-06,LAC @ MIN,Εκτός Έδρας,Minnesota Timberwolves,Κορυφαία,29,9,0.31
Washington Wizards,2025-12-06,WAS vs. ATL,Εντός Έδρας,Atlanta Hawks,Μεσαία,38,17,0.447
Detroit Pistons,2025-12-06,DET vs. MIL,Εντός Έδρας,Milwaukee Bucks,Αδύναμη,40,15,0.375
Cleveland Cavaliers,2025-12-06,CLE vs. GSW,Εντός Έδρας,Golden State Warriors,Μεσαία,42,10,0.238
Cleveland Cavaliers,2025-12-05,CLE vs. SAS,Εντός Έδρας,San Antonio Spurs,Κορυφαία,26,8,0.308
Orlando Magic,2025-12-05,ORL vs. MIA,Εντός Έδρας,Miami Heat,Μεσαία,34,12,0.353
Portland Trail Blazers,2025-12-05,POR @ DET,Εκτός Έδρας,Detroit Pistons,Κορυφαία,37,12,0.324
Toronto Raptors,2025-12-05,TOR vs. CHA,Εντός Έδρας,Charlotte Hornets,Μεσαία,29,9,0.31
Detroit Pistons,2025-12-05,DET vs. POR,Εντός Έδρας,Portland Trail Blazers,Μεσαία,24,10,0.417
Denver Nuggets,2025-12-05,DEN @ ATL,Εκτός Έδρας,Atlanta Hawks,Μεσαία,37,16,0.432
New York Knicks,2025-12-05,NYK vs. UTA,Εντός Έδρας,Utah Jazz,Αδύναμη,42,21,0.5
Dallas Mavericks,2025-12-05,DAL @ OKC,Εκτός Έδρας,Oklahoma City Thunder,Κορυφαία,37,16,0.432
Milwaukee Bucks,2025-12-05,MIL vs. PHI,Εντός Έδρας,Philadelphia 76ers,Μεσαία,32,11,0.344
LA Clippers,2025-12-05,LAC @ MEM,Εκτός Έδρας,Memphis Grizzlies,Αδύναμη,44,14,0.318
San Antonio Spurs,2025-12-05,SAS @ CLE,Εκτός Έδρας,Cleveland Cavaliers,Κορυφαία,43,15,0.349
Utah Jazz,2025-12-05,UTA @ NYK,Εκτός Έδρας,New York Knicks,Κορυφαία,42,15,0.357
Boston Celtics,2025-12-05,BOS vs. LAL,Εντός Έδρας,Los Angeles Lakers,Κορυφαία,45,24,0.533
Indiana Pacers,2025-12-05,IND @ CHI,Εκτός Έδρας,Chicago Bulls,Αδύναμη,39,18,0.462
Miami Heat,2025-12-05,MIA @ ORL,Εκτός Έδρας,Orlando Magic,Μεσαία,19,7,0.368
Phoenix Suns,2025-12-05,PHX @ HOU,Εκτός Έδρας,Houston Rockets,Κορυφαία,36,5,0.139
Los Angeles Lakers,2025-12-05,LAL @ BOS,Εκτός Έδρας,Boston Celtics,Κορυφαία,35,14,0.4
Oklahoma City Thunder,2025-12-05,OKC vs. DAL,Εντός Έδρας,Dallas Mavericks,Αδύναμη,30,12,0.4
Memphis Grizzlies,2025-12-05,MEM vs. LAC,Εντός Έδρας,LA Clippers,Μεσαία,28,10,0.357
Philadelphia 76ers,2025-12-05,PHI @ MIL,Εκτός Έδρας,Milwaukee Bucks,Αδύναμη,43,17,0.395
Atlanta Hawks,2025-12-05,ATL vs. DEN,Εντός Έδρας,Denver Nuggets,Κορυφαία,46,20,0.435
Houston Rockets,2025-12-05,HOU vs. PHX,Εντός Έδρας,Phoenix Suns,Μεσαία,18,10,0.556
Charlotte Hornets,2025-12-05,CHA @ TOR,Εκτός Έδρας,Toronto Raptors,Μεσαία,36,13,0.361
Chicago Bulls,2025-12-05,CHI vs. IND,Εντός Έδρας,Indiana Pacers,Αδύναμη,35,13,0.371
Boston Celtics,2025-12-04,BOS @ WAS,Εκτός Έδρας,Washington Wizards,Αδύναμη,47,20,0.426
Washington Wizards,2025-12-04,WAS vs. BOS,Εντός Έδρας,Boston Celtics,Κορυφαία,31,10,0.323
Philadelphia 76ers,2025-12-04,PHI vs. GSW,Εντός Έδρας,Golden State Warriors,Μεσαία,37,10,0.27
Toronto Raptors,2025-12-04,TOR vs. LAL,Εντός Έδρας,Los Angeles Lakers,Κορυφαία,37,15,0.405
Brooklyn Nets,2025-12-04,BKN vs. UTA,Εντός Έδρας,Utah Jazz,Αδύναμη,42,11,0.262
Los Angeles Lakers,2025-12-04,LAL @ TOR,Εκτός Έδρας,Toronto Raptors,Μεσαία,31,13,0.419
New Orleans Pelicans,2025-12-04,NOP vs. MIN,Εντός Έδρας,Minnesota Timberwolves,Κορυφαία,25,7,0.28
Golden State Warriors,2025-12-04,GSW @ PHI,Εκτός Έδρας,Philadelphia 76ers,Μεσαία,42,12,0.286
Minnesota Timberwolves,2025-12-04,MIN @ NOP,Εκτός Έδρας,New Orleans Pelicans,Αδύναμη,38,15,0.395
Utah Jazz,2025-12-04,UTA @ BKN,Εκτός Έδρας,Brooklyn Nets,Αδύναμη,25,14,0.56
Milwaukee Bucks,2025-12-03,MIL vs. DET,Εντός Έδρας,Detroit Pistons,Κορυφαία,44,13,0.295
San Antonio Spurs,2025-12-03,SAS @ ORL,Εκτός Έδρας,Orlando Magic,Μεσαία,38,13,0.342
Miami Heat,2025-12-03,MIA @ DAL,Εκτός Έδρας,Dallas Mavericks,Αδύναμη,37,11,0.297
Portland Trail Blazers,2025-12-03,POR @ CLE,Εκτός Έδρας,Cleveland Cavaliers,Κορυφαία,34,14,0.412
Charlotte Hornets,2025-12-03,CHA @ NYK,Εκτός Έδρας,New York Knicks,Κορυφαία,42,13,0.31
Sacramento Kings,2025-12-03,SAC @ HOU,Εκτός Έδρας,Houston Rockets,Κορυφαία,34,10,0.294
Brooklyn Nets,2025-12-03,BKN @ CHI,Εκτός Έδρας,Chicago Bulls,Αδύναμη,46,19,0.413
Orlando Magic,2025-12-03,ORL vs. SAS,Εντός Έδρας,San Antonio Spurs,Κορυφαία,27,9,0.333
New York Knicks,2025-12-03,NYK vs. CHA,Εντός Έδρας,Charlotte Hornets,Μεσαία,38,12,0.316
Dallas Mavericks,2025-12-03,DAL vs. MIA,Εντός Έδρας,Miami Heat,Μεσαία,32,16,0.5
Atlanta Hawks,2025-12-03,ATL vs. LAC,Εντός Έδρας,LA Clippers,Μεσαία,39,13,0.333
Indiana Pacers,2025-12-03,IND vs. DEN,Εντός Έδρας,Denver Nuggets,Κορυφαία,28,13,0.464
LA Clippers,2025-12-03,LAC @ ATL,Εκτός Έδρας,Atlanta Hawks,Μεσαία,32,10,0.313
Denver Nuggets,2025-12-03,DEN @ IND,Εκτός Έδρας,Indiana Pacers,Αδύναμη,28,17,0.607
Houston Rockets,2025-12-03,HOU vs. SAC,Εντός Έδρας,Sacramento Kings,Αδύναμη,16,5,0.313
Detroit Pistons,2025-12-03,DET @ MIL,Εκτός Έδρας,Milwaukee Bucks,Αδύναμη,43,14,0.326
Cleveland Cavaliers,2025-12-03,CLE vs. POR,Εντός Έδρας,Portland Trail Blazers,Μεσαία,52,13,0.25
Chicago Bulls,2025-12-03,CHI vs. BKN,Εντός Έδρας,Brooklyn Nets,Αδύναμη,30,7,0.233
Golden State Warriors,2025-12-02,GSW vs. OKC,Εντός Έδρας,Oklahoma City Thunder,Κορυφαία,42,18,0.429
Washington Wizards,2025-12-02,WAS @ PHI,Εκτός Έδρας,Philadelphia 76ers,Μεσαία,36,9,0.25
New Orleans Pelicans,2025-12-02,NOP vs. MIN,Εντός Έδρας,Minnesota Timberwolves,Κορυφαία,21,12,0.571
Oklahoma City Thunder,2025-12-02,OKC @ GSW,Εκτός Έδρας,Golden State Warriors,Μεσαία,32,15,0.469
San Antonio Spurs,2025-12-02,SAS vs. MEM,Εντός Έδρας,Memphis Grizzlies,Αδύναμη,39,18,0.462
Toronto Raptors,2025-12-02,TOR vs. POR,Εντός Έδρας,Portland Trail Blazers,Μεσαία,30,11,0.367
Boston Celtics,2025-12-02,BOS vs. NYK,Εντός Έδρας,New York Knicks,Κορυφαία,40,13,0.325
Memphis Grizzlies,2025-12-02,MEM @ SAS,Εκτός Έδρας,San Antonio Spurs,Κορυφαία,26,9,0.346
Philadelphia 76ers,2025-12-02,PHI vs. WAS,Εντός Έδρας,Washington Wizards,Αδύναμη,40,17,0.425
New York Knicks,2025-12-02,NYK @ BOS,Εκτός Έδρας,Boston Celtics,Κορυφαία,44,19,0.432
Portland Trail Blazers,2025-12-02,POR @ TOR,Εκτός Έδρας,Toronto Raptors,Μεσαία,40,15,0.375
Minnesota Timberwolves,2025-12-02,MIN @ NOP,Εκτός Έδρας,New Orleans Pelicans,Αδύναμη,51,20,0.392
Chicago Bulls,2025-12-01,CHI @ ORL,Εκτός Έδρας,Orlando Magic,Μεσαία,37,16,0.432
Dallas Mavericks,2025-12-01,DAL @ DEN,Εκτός Έδρας,Denver Nuggets,Κορυφαία,31,16,0.516
Detroit Pistons,2025-12-01,DET vs. ATL,Εντός Έδρας,Atlanta Hawks,Μεσαία,26,5,0.192
Milwaukee Bucks,2025-12-01,MIL @ WAS,Εκτός Έδρας,Washington Wizards,Αδύναμη,38,21,0.553
Charlotte Hornets,2025-12-01,CHA @ BKN,Εκτός Έδρας,Brooklyn Nets,Αδύναμη,32,12,0.375
Houston Rockets,2025-12-01,HOU @ UTA,Εκτός Έδρας,Utah Jazz,Αδύναμη,34,10,0.294
Brooklyn Nets,2025-12-01,BKN vs. CHA,Εντός Έδρας,Charlotte Hornets,Μεσαία,43,17,0.395
Denver Nuggets,2025-12-01,DEN vs. DAL,Εντός Έδρας,Dallas Mavericks,Αδύναμη,37,12,0.324
Atlanta Hawks,2025-12-01,ATL @ DET,Εκτός Έδρας,Detroit Pistons,Κορυφαία,40,14,0.35
Cleveland Cavaliers,2025-12-01,CLE @ IND,Εκτός Έδρας,Indiana Pacers,Αδύναμη,40,14,0.35
Los Angeles Lakers,2025-12-01,LAL vs. PHX,Εντός Έδρας,Phoenix Suns,Μεσαία,33,13,0.394
Indiana Pacers,2025-12-01,IND vs. CLE,Εντός Έδρας,Cleveland Cavaliers,Κορυφαία,30,10,0.333
LA Clippers,2025-12-01,LAC @ MIA,Εκτός Έδρας,Miami Heat,Μεσαία,29,9,0.31
Utah Jazz,2025-12-01,UTA vs. HOU,Εντός Έδρας,Houston Rockets,Κορυφαία,35,14,0.4
Washington Wizards,2025-12-01,WAS vs. MIL,Εντός Έδρας,Milwaukee Bucks,Αδύναμη,36,13,0.361
Miami Heat,2025-12-01,MIA vs. LAC,Εντός Έδρας,LA Clippers,Μεσαία,46,24,0.522
Phoenix Suns,2025-12-01,PHX @ LAL,Εκτός Έδρας,Los Angeles Lakers,Κορυφαία,39,17,0.436
Orlando Magic,2025-12-01,ORL vs. CHI,Εντός Έδρας,Chicago Bulls,Αδύναμη,33,9,0.273
Los Angeles Lakers,2025-11-30,LAL vs. NOP,Εντός Έδρας,New Orleans Pelicans,Αδύναμη,41,15,0.366
Philadelphia 76ers,2025-11-30,PHI vs. ATL,Εντός Έδρας,Atlanta Hawks,Μεσαία,44,10,0.227
Minnesota Timberwolves,2025-11-30,MIN vs. SAS,Εντός Έδρας,San Antonio Spurs,Κορυφαία,37,17,0.459
Boston Celtics,2025-11-30,BOS @ CLE,Εκτός Έδρας,Cleveland Cavaliers,Κορυφαία,40,14,0.35
Utah Jazz,2025-11-30,UTA vs. HOU,Εντός Έδρας,Houston Rockets,Κορυφαία,32,9,0.281
Cleveland Cavaliers,2025-11-30,CLE vs. BOS,Εντός Έδρας,Boston Celtics,Κορυφαία,52,20,0.385
Atlanta Hawks,2025-11-30,ATL @ PHI,Εκτός Έδρας,Philadelphia 76ers,Μεσαία,45,15,0.333
Memphis Grizzlies,2025-11-30,MEM @ SAC,Εκτός Έδρας,Sacramento Kings,Αδύναμη,24,9,0.375
Houston Rockets,2025-11-30,HOU @ UTA,Εκτός Έδρας,Utah Jazz,Αδύναμη,31,11,0.355
San Antonio Spurs,2025-11-30,SAS @ MIN,Εκτός Έδρας,Minnesota Timberwolves,Κορυφαία,33,8,0.242
New Orleans Pelicans,2025-11-30,NOP @ LAL,Εκτός Έδρας,Los Angeles Lakers,Κορυφαία,26,13,0.5
New York Knicks,2025-11-30,NYK vs. TOR,Εντός Έδρας,Toronto Raptors,Μεσαία,45,16,0.356
Sacramento Kings,2025-11-30,SAC vs. MEM,Εντός Έδρας,Memphis Grizzlies,Αδύναμη,27,8,0.296
Oklahoma City Thunder,2025-11-30,OKC @ POR,Εκτός Έδρας,Portland Trail Blazers,Μεσαία,29,10,0.345
Toronto Raptors,2025-11-30,TOR @ NYK,Εκτός Έδρας,New York Knicks,Κορυφαία,37,11,0.297
Portland Trail Blazers,2025-11-30,POR vs. OKC,Εντός Έδρας,Oklahoma City Thunder,Κορυφαία,49,16,0.327
Charlotte Hornets,2025-11-29,CHA vs. TOR,Εντός Έδρας,Toronto Raptors,Μεσαία,39,10,0.256
New Orleans Pelicans,2025-11-29,NOP @ GSW,Εκτός Έδρας,Golden State Warriors,Μεσαία,30,7,0.233
Brooklyn Nets,2025-11-29,BKN @ MIL,Εκτός Έδρας,Milwaukee Bucks,Αδύναμη,42,16,0.381
LA Clippers,2025-11-29,LAC vs. DAL,Εντός Έδρας,Dallas Mavericks,Αδύναμη,25,7,0.28
Indiana Pacers,2025-11-29,IND vs. CHI,Εντός Έδρας,Chicago Bulls,Αδύναμη,41,13,0.317
Minnesota Timberwolves,2025-11-29,MIN vs. BOS,Εντός Έδρας,Boston Celtics,Κορυφαία,48,21,0.438
Phoenix Suns,2025-11-29,PHX vs. DEN,Εντός Έδρας,Denver Nuggets,Κορυφαία,42,14,0.333
Toronto Raptors,2025-11-29,TOR @ CHA,Εκτός Έδρας,Charlotte Hornets,Μεσαία,29,9,0.31
Boston Celtics,2025-11-29,BOS @ MIN,Εκτός Έδρας,Minnesota Timberwolves,Κορυφαία,46,16,0.348
Chicago Bulls,2025-11-29,CHI @ IND,Εκτός Έδρας,Indiana Pacers,Αδύναμη,34,14,0.412
Golden State Warriors,2025-11-29,GSW vs. NOP,Εντός Έδρας,New Orleans Pelicans,Αδύναμη,47,12,0.255
Milwaukee Bucks,2025-11-29,MIL vs. BKN,Εντός Έδρας,Brooklyn Nets,Αδύναμη,39,16,0.41
Denver Nuggets,2025-11-29,DEN @ PHX,Εκτός Έδρας,Phoenix Suns,Μεσαία,38,22,0.579
Dallas Mavericks,2025-11-29,DAL @ LAC,Εκτός Έδρας,LA Clippers,Μεσαία,39,11,0.282
Miami Heat,2025-11-29,MIA vs. DET,Εντός Έδρας,Detroit Pistons,Κορυφαία,29,14,0.483
Detroit Pistons,2025-11-29,DET @ MIA,Εκτός Έδρας,Miami Heat,Μεσαία,26,11,0.423
Washington Wizards,2025-11-28,WAS @ IND,Εκτός Έδρας,Indiana Pacers,Αδύναμη,32,7,0.219
Brooklyn Nets,2025-11-28,BKN vs. PHI,Εντός Έδρας,Philadelphia 76ers,Μεσαία,43,13,0.302
Memphis Grizzlies,2025-11-28,MEM @ LAC,Εκτός Έδρας,LA Clippers,Μεσαία,40,17,0.425
Phoenix Suns,2025-11-28,PHX @ OKC,Εκτός Έδρας,Oklahoma City Thunder,Κορυφαία,44,15,0.341
Orlando Magic,2025-11-28,ORL @ DET,Εκτός Έδρας,Detroit Pistons,Κορυφαία,30,5,0.167
Philadelphia 76ers,2025-11-28,PHI @ BKN,Εκτός Έδρας,Brooklyn Nets,Αδύναμη,37,11,0.297
LA Clippers,2025-11-28,LAC vs. MEM,Εντός Έδρας,Memphis Grizzlies,Αδύναμη,38,12,0.316
Oklahoma City Thunder,2025-11-28,OKC vs. PHX,Εντός Έδρας,Phoenix Suns,Μεσαία,32,15,0.469
Milwaukee Bucks,2025-11-28,MIL @ NYK,Εκτός Έδρας,New York Knicks,Κορυφαία,41,18,0.439
Sacramento Kings,2025-11-28,SAC @ UTA,Εκτός Έδρας,Utah Jazz,Αδύναμη,29,10,0.345
Chicago Bulls,2025-11-28,CHI @ CHA,Εκτός Έδρας,Charlotte Hornets,Μεσαία,36,8,0.222
Charlotte Hornets,2025-11-28,CHA vs. CHI,Εντός Έδρας,Chicago Bulls,Αδύναμη,45,15,0.333
Indiana Pacers,2025-11-28,IND vs. WAS,Εντός Έδρας,Washington Wizards,Αδύναμη,34,13,0.382
Los Angeles Lakers,2025-11-28,LAL vs. DAL,Εντός Έδρας,Dallas Mavericks,Αδύναμη,35,18,0.514
Utah Jazz,2025-11-28,UTA vs. SAC,Εντός Έδρας,Sacramento Kings,Αδύναμη,40,13,0.325
Atlanta Hawks,2025-11-28,ATL vs. CLE,Εντός Έδρας,Cleveland Cavaliers,Κορυφαία,43,16,0.372
Detroit Pistons,2025-11-28,DET vs. ORL,Εντός Έδρας,Orlando Magic,Μεσαία,28,11,0.393
Dallas Mavericks,2025-11-28,DAL @ LAL,Εκτός Έδρας,Los Angeles Lakers,Κορυφαία,32,14,0.438
New York Knicks,2025-11-28,NYK vs. MIL,Εντός Έδρας,Milwaukee Bucks,Αδύναμη,34,14,0.412
Cleveland Cavaliers,2025-11-28,CLE @ ATL,Εκτός Έδρας,Atlanta Hawks,Μεσαία,39,17,0.436
Denver Nuggets,2025-11-28,DEN vs. SAS,Εντός Έδρας,San Antonio Spurs,Κορυφαία,39,16,0.41
San Antonio Spurs,2025-11-28,SAS @ DEN,Εκτός Έδρας,Denver Nuggets,Κορυφαία,42,17,0.405
Charlotte Hornets,2025-11-26,CHA vs. NYK,Εντός Έδρας,New York Knicks,Κορυφαία,43,13,0.302
Memphis Grizzlies,2025-11-26,MEM @ NOP,Εκτός Έδρας,New Orleans Pelicans,Αδύναμη,37,17,0.459
San Antonio Spurs,2025-11-26,SAS @ POR,Εκτός Έδρας,Portland Trail Blazers,Μεσαία,33,11,0.333
Sacramento Kings,2025-11-26,SAC vs. PHX,Εντός Έδρας,Phoenix Suns,Μεσαία,34,12,0.353
Miami Heat,2025-11-26,MIA vs. MIL,Εντός Έδρας,Milwaukee Bucks,Αδύναμη,36,10,0.278
Houston Rockets,2025-11-26,HOU @ GSW,Εκτός Έδρας,Golden State Warriors,Μεσαία,39,11,0.282
New York Knicks,2025-11-26,NYK @ CHA,Εκτός Έδρας,Charlotte Hornets,Μεσαία,25,13,0.52
Golden State Warriors,2025-11-26,GSW vs. HOU,Εντός Έδρας,Houston Rockets,Κορυφαία,43,12,0.279
Detroit Pistons,2025-11-26,DET @ BOS,Εκτός Έδρας,Boston Celtics,Κορυφαία,36,11,0.306
Toronto Raptors,2025-11-26,TOR vs. IND,Εντός Έδρας,Indiana Pacers,Αδύναμη,26,5,0.192
Minnesota Timberwolves,2025-11-26,MIN @ OKC,Εκτός Έδρας,Oklahoma City Thunder,Κορυφαία,37,17,0.459
Phoenix Suns,2025-11-26,PHX @ SAC,Εκτός Έδρας,Sacramento Kings,Αδύναμη,42,14,0.333
Oklahoma City Thunder,2025-11-26,OKC vs. MIN,Εντός Έδρας,Minnesota Timberwolves,Κορυφαία,26,7,0.269
Boston Celtics,2025-11-26,BOS vs. DET,Εντός Έδρας,Detroit Pistons,Κορυφαία,43,20,0.465
New Orleans Pelicans,2025-11-26,NOP vs. MEM,Εντός Έδρας,Memphis Grizzlies,Αδύναμη,45,19,0.422
Indiana Pacers,2025-11-26,IND @ TOR,Εκτός Έδρας,Toronto Raptors,Μεσαία,33,11,0.333
Milwaukee Bucks,2025-11-26,MIL @ MIA,Εκτός Έδρας,Miami Heat,Μεσαία,42,14,0.333
Portland Trail Blazers,2025-11-26,POR vs. SAS,Εντός Έδρας,San Antonio Spurs,Κορυφαία,36,9,0.25
Washington Wizards,2025-11-25,WAS vs. ATL,Εντός Έδρας,Atlanta Hawks,Μεσαία,38,19,0.5
Orlando Magic,2025-11-25,ORL @ PHI,Εκτός Έδρας,Philadelphia 76ers,Μεσαία,34,13,0.382
LA Clippers,2025-11-25,LAC @ LAL,Εκτός Έδρας,Los Angeles Lakers,Κορυφαία,35,13,0.371
Philadelphia 76ers,2025-11-25,PHI vs. ORL,Εντός Έδρας,Orlando Magic,Μεσαία,25,9,0.36
Los Angeles Lakers,2025-11-25,LAL vs. LAC,Εντός Έδρας,LA Clippers,Μεσαία,29,13,0.448
Atlanta Hawks,2025-11-25,ATL @ WAS,Εκτός Έδρας,Washington Wizards,Αδύναμη,43,15,0.349
Sacramento Kings,2025-11-24,SAC vs. MIN,Εντός Έδρας,Minnesota Timberwolves,Κορυφαία,26,7,0.269
New Orleans Pelicans,2025-11-24,NOP vs. CHI,Εντός Έδρας,Chicago Bulls,Αδύναμη,35,13,0.371
Utah Jazz,2025-11-24,UTA @ GSW,Εκτός Έδρας,Golden State Warriors,Μεσαία,36,11,0.306
Toronto Raptors,2025-11-24,TOR vs. CLE,Εντός Έδρας,Cleveland Cavaliers,Κορυφαία,36,10,0.278
Denver Nuggets,2025-11-24,DEN @ MEM,Εκτός Έδρας,Memphis Grizzlies,Αδύναμη,43,22,0.512
Houston Rockets,2025-11-24,HOU @ PHX,Εκτός Έδρας,Phoenix Suns,Μεσαία,31,13,0.419
New York Knicks,2025-11-24,NYK @ BKN,Εκτός Έδρας,Brooklyn Nets,Αδύναμη,35,12,0.343
Brooklyn Nets,2025-11-24,BKN vs. NYK,Εντός Έδρας,New York Knicks,Κορυφαία,48,14,0.292
Chicago Bulls,2025-11-24,CHI @ NOP,Εκτός Έδρας,New Orleans Pelicans,Αδύναμη,50,20,0.4
Minnesota Timberwolves,2025-11-24,MIN @ SAC,Εκτός Έδρας,Sacramento Kings,Αδύναμη,42,13,0.31
Indiana Pacers,2025-11-24,IND vs. DET,Εντός Έδρας,Detroit Pistons,Κορυφαία,31,13,0.419
Portland Trail Blazers,2025-11-24,POR @ MIL,Εκτός Έδρας,Milwaukee Bucks,Αδύναμη,43,18,0.419
Golden State Warriors,2025-11-24,GSW vs. UTA,Εντός Έδρας,Utah Jazz,Αδύναμη,52,19,0.365
Milwaukee Bucks,2025-11-24,MIL vs. POR,Εντός Έδρας,Portland Trail Blazers,Μεσαία,37,13,0.351
Dallas Mavericks,2025-11-24,DAL @ MIA,Εκτός Έδρας,Miami Heat,Μεσαία,40,12,0.3
Cleveland Cavaliers,2025-11-24,CLE @ TOR,Εκτός Έδρας,Toronto Raptors,Μεσαία,48,14,0.292
Phoenix Suns,2025-11-24,PHX vs. HOU,Εντός Έδρας,Houston Rockets,Κορυφαία,37,13,0.351
Memphis Grizzlies,2025-11-24,MEM vs. DEN,Εντός Έδρας,Denver Nuggets,Κορυφαία,47,16,0.34
Detroit Pistons,2025-11-24,DET @ IND,Εκτός Έδρας,Indiana Pacers,Αδύναμη,25,9,0.36
Miami Heat,2025-11-24,MIA vs. DAL,Εντός Έδρας,Dallas Mavericks,Αδύναμη,27,5,0.185
Cleveland Cavaliers,2025-11-23,CLE vs. LAC,Εντός Έδρας,LA Clippers,Μεσαία,45,17,0.378
Miami Heat,2025-11-23,MIA @ PHI,Εκτός Έδρας,Philadelphia 76ers,Μεσαία,32,11,0.344
Toronto Raptors,2025-11-23,TOR vs. BKN,Εντός Έδρας,Brooklyn Nets,Αδύναμη,30,15,0.5
Brooklyn Nets,2025-11-23,BKN @ TOR,Εκτός Έδρας,Toronto Raptors,Μεσαία,34,12,0.353
Phoenix Suns,2025-11-23,PHX vs. SAS,Εντός Έδρας,San Antonio Spurs,Κορυφαία,38,14,0.368
Atlanta Hawks,2025-11-23,ATL vs. CHA,Εντός Έδρας,Charlotte Hornets,Μεσαία,31,11,0.355
Portland Trail Blazers,2025-11-23,POR @ OKC,Εκτός Έδρας,Oklahoma City Thunder,Κορυφαία,47,12,0.255
Oklahoma City Thunder,2025-11-23,OKC vs. POR,Εντός Έδρας,Portland Trail Blazers,Μεσαία,36,15,0.417
Orlando Magic,2025-11-23,ORL @ BOS,Εκτός Έδρας,Boston Celtics,Κορυφαία,38,16,0.421
LA Clippers,2025-11-23,LAC @ CLE,Εκτός Έδρας,Cleveland Cavaliers,Κορυφαία,26,8,0.308
Utah Jazz,2025-11-23,UTA vs. LAL,Εντός Έδρας,Los Angeles Lakers,Κορυφαία,40,13,0.325
Philadelphia 76ers,2025-11-23,PHI vs. MIA,Εντός Έδρας,Miami Heat,Μεσαία,41,14,0.341
Boston Celtics,2025-11-23,BOS vs. ORL,Εντός Έδρας,Orlando Magic,Μεσαία,33,15,0.455
San Antonio Spurs,2025-11-23,SAS @ PHX,Εκτός Έδρας,Phoenix Suns,Μεσαία,34,10,0.294
Los Angeles Lakers,2025-11-23,LAL @ UTA,Εκτός Έδρας,Utah Jazz,Αδύναμη,38,10,0.263
Charlotte Hornets,2025-11-23,CHA @ ATL,Εκτός Έδρας,Atlanta Hawks,Μεσαία,44,14,0.318
Dallas Mavericks,2025-11-22,DAL vs. MEM,Εντός Έδρας,Memphis Grizzlies,Αδύναμη,36,12,0.333
Charlotte Hornets,2025-11-22,CHA vs. LAC,Εντός Έδρας,LA Clippers,Μεσαία,36,11,0.306
New Orleans Pelicans,2025-11-22,NOP vs. ATL,Εντός Έδρας,Atlanta Hawks,Μεσαία,27,8,0.296
Atlanta Hawks,2025-11-22,ATL @ NOP,Εκτός Έδρας,New Orleans Pelicans,Αδύναμη,46,17,0.37
Chicago Bulls,2025-11-22,CHI vs. WAS,Εντός Έδρας,Washington Wizards,Αδύναμη,44,12,0.273
New York Knicks,2025-11-22,NYK @ ORL,Εκτός Έδρας,Orlando Magic,Μεσαία,37,13,0.351
Sacramento Kings,2025-11-22,SAC @ DEN,Εκτός Έδρας,Denver Nuggets,Κορυφαία,30,10,0.333
Washington Wizards,2025-11-22,WAS @ CHI,Εκτός Έδρας,Chicago Bulls,Αδύναμη,36,16,0.444
Memphis Grizzlies,2025-11-22,MEM @ DAL,Εκτός Έδρας,Dallas Mavericks,Αδύναμη,31,8,0.258
Detroit Pistons,2025-11-22,DET @ MIL,Εκτός Έδρας,Milwaukee Bucks,Αδύναμη,30,16,0.533
LA Clippers,2025-11-22,LAC @ CHA,Εκτός Έδρας,Charlotte Hornets,Μεσαία,43,19,0.442
Orlando Magic,2025-11-22,ORL vs. NYK,Εντός Έδρας,New York Knicks,Κορυφαία,33,13,0.394
Milwaukee Bucks,2025-11-22,MIL vs. DET,Εντός Έδρας,Detroit Pistons,Κορυφαία,43,20,0.465
Denver Nuggets,2025-11-22,DEN vs. SAC,Εντός Έδρας,Sacramento Kings,Αδύναμη,37,14,0.378
Phoenix Suns,2025-11-21,PHX vs. MIN,Εντός Έδρας,Minnesota Timberwolves,Κορυφαία,31,14,0.452
Golden State Warriors,2025-11-21,GSW vs. POR,Εντός Έδρας,Portland Trail Blazers,Μεσαία,43,17,0.395
Oklahoma City Thunder,2025-11-21,OKC @ UTA,Εκτός Έδρας,Utah Jazz,Αδύναμη,37,23,0.622
Brooklyn Nets,2025-11-21,BKN @ BOS,Εκτός Έδρας,Boston Celtics,Κορυφαία,33,13,0.394
New Orleans Pelicans,2025-11-21,NOP @ DAL,Εκτός Έδρας,Dallas Mavericks,Αδύναμη,27,7,0.259
Cleveland Cavaliers,2025-11-21,CLE vs. IND,Εντός Έδρας,Indiana Pacers,Αδύναμη,35,13,0.371
Utah Jazz,2025-11-21,UTA vs. OKC,Εντός Έδρας,Oklahoma City Thunder,Κορυφαία,38,16,0.421
Houston Rockets,2025-11-21,HOU vs. DEN,Εντός Έδρας,Denver Nuggets,Κορυφαία,36,14,0.389
Portland Trail Blazers,2025-11-21,POR @ GSW,Εκτός Έδρας,Golden State Warriors,Μεσαία,45,16,0.356
Dallas Mavericks,2025-11-21,DAL vs. NOP,Εντός Έδρας,New Orleans Pelicans,Αδύναμη,43,16,0.372
Denver Nuggets,2025-11-21,DEN @ HOU,Εκτός Έδρας,Houston Rockets,Κορυφαία,29,11,0.379
Washington Wizards,2025-11-21,WAS @ TOR,Εκτός Έδρας,Toronto Raptors,Μεσαία,41,12,0.293
Indiana Pacers,2025-11-21,IND @ CLE,Εκτός Έδρας,Cleveland Cavaliers,Κορυφαία,37,11,0.297
Boston Celtics,2025-11-21,BOS vs. BKN,Εντός Έδρας,Brooklyn Nets,Αδύναμη,34,11,0.324
Miami Heat,2025-11-21,MIA @ CHI,Εκτός Έδρας,Chicago Bulls,Αδύναμη,38,14,0.368
Chicago Bulls,2025-11-21,CHI vs. MIA,Εντός Έδρας,Miami Heat,Μεσαία,43,12,0.279
Toronto Raptors,2025-11-21,TOR vs. WAS,Εντός Έδρας,Washington Wizards,Αδύναμη,28,14,0.5
Minnesota Timberwolves,2025-11-21,MIN @ PHX,Εκτός Έδρας,Phoenix Suns,Μεσαία,37,12,0.324
Philadelphia 76ers,2025-11-20,PHI @ MIL,Εκτός Έδρας,Milwaukee Bucks,Αδύναμη,53,18,0.34
Orlando Magic,2025-11-20,ORL vs. LAC,Εντός Έδρας,LA Clippers,Μεσαία,34,18,0.529
Memphis Grizzlies,2025-11-20,MEM vs. SAC,Εντός Έδρας,Sacramento Kings,Αδύναμη,54,17,0.315
Milwaukee Bucks,2025-11-20,MIL vs. PHI,Εντός Έδρας,Philadelphia 76ers,Μεσαία,36,14,0.389
Sacramento Kings,2025-11-20,SAC @ MEM,Εκτός Έδρας,Memphis Grizzlies,Αδύναμη,33,11,0.333
Atlanta Hawks,2025-11-20,ATL @ SAS,Εκτός Έδρας,San Antonio Spurs,Κορυφαία,37,20,0.541
LA Clippers,2025-11-20,LAC @ ORL,Εκτός Έδρας,Orlando Magic,Μεσαία,36,14,0.389
San Antonio Spurs,2025-11-20,SAS vs. ATL,Εντός Έδρας,Atlanta Hawks,Μεσαία,40,17,0.425
Toronto Raptors,2025-11-19,TOR @ PHI,Εκτός Έδρας,Philadelphia 76ers,Μεσαία,29,11,0.379
Miami Heat,2025-11-19,MIA vs. GSW,Εντός Έδρας,Golden State Warriors,Μεσαία,35,13,0.371
Denver Nuggets,2025-11-19,DEN @ NOP,Εκτός Έδρας,New Orleans Pelicans,Αδύναμη,31,11,0.355
New Orleans Pelicans,2025-11-19,NOP vs. DEN,Εντός Έδρας,Denver Nuggets,Κορυφαία,34,7,0.206
Oklahoma City Thunder,2025-11-19,OKC vs. SAC,Εντός Έδρας,Sacramento Kings,Αδύναμη,38,10,0.263
Golden State Warriors,2025-11-19,GSW @ MIA,Εκτός Έδρας,Miami Heat,Μεσαία,49,13,0.265
Chicago Bulls,2025-11-19,CHI @ POR,Εκτός Έδρας,Portland Trail Blazers,Μεσαία,49,21,0.429
Dallas Mavericks,2025-11-19,DAL vs. NYK,Εντός Έδρας,New York Knicks,Κορυφαία,44,16,0.364
Philadelphia 76ers,2025-11-19,PHI vs. TOR,Εντός Έδρας,Toronto Raptors,Μεσαία,35,14,0.4
Indiana Pacers,2025-11-19,IND vs. CHA,Εντός Έδρας,Charlotte Hornets,Μεσαία,38,16,0.421
Cleveland Cavaliers,2025-11-19,CLE vs. HOU,Εντός Έδρας,Houston Rockets,Κορυφαία,39,12,0.308
Sacramento Kings,2025-11-19,SAC @ OKC,Εκτός Έδρας,Oklahoma City Thunder,Κορυφαία,28,8,0.286
Washington Wizards,2025-11-19,WAS @ MIN,Εκτός Έδρας,Minnesota Timberwolves,Κορυφαία,32,14,0.438
Minnesota Timberwolves,2025-11-19,MIN vs. WAS,Εντός Έδρας,Washington Wizards,Αδύναμη,38,13,0.342
New York Knicks,2025-11-19,NYK @ DAL,Εκτός Έδρας,Dallas Mavericks,Αδύναμη,42,12,0.286
Houston Rockets,2025-11-19,HOU @ CLE,Εκτός Έδρας,Cleveland Cavaliers,Κορυφαία,24,9,0.375
Charlotte Hornets,2025-11-19,CHA @ IND,Εκτός Έδρας,Indiana Pacers,Αδύναμη,45,13,0.289
Portland Trail Blazers,2025-11-19,POR vs. CHI,Εντός Έδρας,Chicago Bulls,Αδύναμη,42,12,0.286
Portland Trail Blazers,2025-11-18,POR vs. PHX,Εντός Έδρας,Phoenix Suns,Μεσαία,41,10,0.244
Brooklyn Nets,2025-11-18,BKN vs. BOS,Εντός Έδρας,Boston Celtics,Κορυφαία,38,14,0.368
Detroit Pistons,2025-11-18,DET @ ATL,Εκτός Έδρας,Atlanta Hawks,Μεσαία,31,10,0.323
Boston Celtics,2025-11-18,BOS @ BKN,Εκτός Έδρας,Brooklyn Nets,Αδύναμη,42,19,0.452
Golden State Warriors,2025-11-18,GSW @ ORL,Εκτός Έδρας,Orlando Magic,Μεσαία,36,13,0.361
Orlando Magic,2025-11-18,ORL vs. GSW,Εντός Έδρας,Golden State Warriors,Μεσαία,32,8,0.25
Memphis Grizzlies,2025-11-18,MEM @ SAS,Εκτός Έδρας,San Antonio Spurs,Κορυφαία,39,12,0.308
Los Angeles Lakers,2025-11-18,LAL vs. UTA,Εντός Έδρας,Utah Jazz,Αδύναμη,32,11,0.344
San Antonio Spurs,2025-11-18,SAS vs. MEM,Εντός Έδρας,Memphis Grizzlies,Αδύναμη,42,16,0.381
Atlanta Hawks,2025-11-18,ATL vs. DET,Εντός Έδρας,Detroit Pistons,Κορυφαία,44,15,0.341
Utah Jazz,2025-11-18,UTA @ LAL,Εκτός Έδρας,Los Angeles Lakers,Κορυφαία,45,13,0.289
Phoenix Suns,2025-11-18,PHX @ POR,Εκτός Έδρας,Portland Trail Blazers,Μεσαία,40,14,0.35
Toronto Raptors,2025-11-17,TOR vs. CHA,Εντός Έδρας,Charlotte Hornets,Μεσαία,25,10,0.4
Miami Heat,2025-11-17,MIA vs. NYK,Εντός Έδρας,New York Knicks,Κορυφαία,35,14,0.4
Detroit Pistons,2025-11-17,DET vs. IND,Εντός Έδρας,Indiana Pacers,Αδύναμη,35,9,0.257
Cleveland Cavaliers,2025-11-17,CLE vs. MIL,Εντός Έδρας,Milwaukee Bucks,Αδύναμη,35,15,0.429
Chicago Bulls,2025-11-17,CHI @ DEN,Εκτός Έδρας,Denver Nuggets,Κορυφαία,53,19,0.358
New York Knicks,2025-11-17,NYK @ MIA,Εκτός Έδρας,Miami Heat,Μεσαία,36,9,0.25
Oklahoma City Thunder,2025-11-17,OKC @ NOP,Εκτός Έδρας,New Orleans Pelicans,Αδύναμη,42,17,0.405
Indiana Pacers,2025-11-17,IND @ DET,Εκτός Έδρας,Detroit Pistons,Κορυφαία,31,9,0.29
Dallas Mavericks,2025-11-17,DAL @ MIN,Εκτός Έδρας,Minnesota Timberwolves,Κορυφαία,30,9,0.3
LA Clippers,2025-11-17,LAC @ PHI,Εκτός Έδρας,Philadelphia 76ers,Μεσαία,39,12,0.308
New Orleans Pelicans,2025-11-17,NOP vs. OKC,Εντός Έδρας,Oklahoma City Thunder,Κορυφαία,28,12,0.429
Philadelphia 76ers,2025-11-17,PHI vs. LAC,Εντός Έδρας,LA Clippers,Μεσαία,33,11,0.333
Minnesota Timberwolves,2025-11-17,MIN vs. DAL,Εντός Έδρας,Dallas Mavericks,Αδύναμη,44,14,0.318
Charlotte Hornets,2025-11-17,CHA @ TOR,Εκτός Έδρας,Toronto Raptors,Μεσαία,40,10,0.25
Milwaukee Bucks,2025-11-17,MIL @ CLE,Εκτός Έδρας,Cleveland Cavaliers,Κορυφαία,36,17,0.472
Denver Nuggets,2025-11-17,DEN vs. CHI,Εντός Έδρας,Chicago Bulls,Αδύναμη,36,14,0.389
LA Clippers,2025-11-16,LAC @ BOS,Εκτός Έδρας,Boston Celtics,Κορυφαία,35,14,0.4
Houston Rockets,2025-11-16,HOU vs. ORL,Εντός Έδρας,Orlando Magic,Μεσαία,20,8,0.4
Boston Celtics,2025-11-16,BOS vs. LAC,Εντός Έδρας,LA Clippers,Μεσαία,39,16,0.41
Orlando Magic,2025-11-16,ORL @ HOU,Εκτός Έδρας,Houston Rockets,Κορυφαία,37,12,0.324
Portland Trail Blazers,2025-11-16,POR @ DAL,Εκτός Έδρας,Dallas Mavericks,Αδύναμη,47,14,0.298
San Antonio Spurs,2025-11-16,SAS vs. SAC,Εντός Έδρας,Sacramento Kings,Αδύναμη,38,14,0.368
Atlanta Hawks,2025-11-16,ATL @ PHX,Εκτός Έδρας,Phoenix Suns,Μεσαία,43,14,0.326
Utah Jazz,2025-11-16,UTA vs. CHI,Εντός Έδρας,Chicago Bulls,Αδύναμη,49,18,0.367
Chicago Bulls,2025-11-16,CHI @ UTA,Εκτός Έδρας,Utah Jazz,Αδύναμη,50,19,0.38
Brooklyn Nets,2025-11-16,BKN @ WAS,Εκτός Έδρας,Washington Wizards,Αδύναμη,41,17,0.415
Washington Wizards,2025-11-16,WAS vs. BKN,Εντός Έδρας,Brooklyn Nets,Αδύναμη,34,12,0.353
Golden State Warriors,2025-11-16,GSW @ NOP,Εκτός Έδρας,New Orleans Pelicans,Αδύναμη,56,24,0.429
Dallas Mavericks,2025-11-16,DAL vs. POR,Εντός Έδρας,Portland Trail Blazers,Μεσαία,34,15,0.441
New Orleans Pelicans,2025-11-16,NOP vs. GSW,Εντός Έδρας,Golden State Warriors,Μεσαία,29,8,0.276
Sacramento Kings,2025-11-16,SAC @ SAS,Εκτός Έδρας,San Antonio Spurs,Κορυφαία,33,12,0.364
Phoenix Suns,2025-11-16,PHX vs. ATL,Εντός Έδρας,Atlanta Hawks,Μεσαία,30,10,0.333
Charlotte Hornets,2025-11-15,CHA vs. OKC,Εντός Έδρας,Oklahoma City Thunder,Κορυφαία,42,16,0.381
Indiana Pacers,2025-11-15,IND vs. TOR,Εντός Έδρας,Toronto Raptors,Μεσαία,43,15,0.349
Toronto Raptors,2025-11-15,TOR @ IND,Εκτός Έδρας,Indiana Pacers,Αδύναμη,30,7,0.233
Oklahoma City Thunder,2025-11-15,OKC @ CHA,Εκτός Έδρας,Charlotte Hornets,Μεσαία,23,11,0.478
Memphis Grizzlies,2025-11-15,MEM @ CLE,Εκτός Έδρας,Cleveland Cavaliers,Κορυφαία,32,9,0.281
Milwaukee Bucks,2025-11-15,MIL vs. LAL,Εντός Έδρας,Los Angeles Lakers,Κορυφαία,39,15,0.385
Cleveland Cavaliers,2025-11-15,CLE vs. MEM,Εντός Έδρας,Memphis Grizzlies,Αδύναμη,40,13,0.325
Minnesota Timberwolves,2025-11-15,MIN vs. DEN,Εντός Έδρας,Denver Nuggets,Κορυφαία,34,10,0.294
Los Angeles Lakers,2025-11-15,LAL @ MIL,Εκτός Έδρας,Milwaukee Bucks,Αδύναμη,33,13,0.394
Denver Nuggets,2025-11-15,DEN @ MIN,Εκτός Έδρας,Minnesota Timberwolves,Κορυφαία,29,14,0.483
Philadelphia 76ers,2025-11-14,PHI @ DET,Εκτός Έδρας,Detroit Pistons,Κορυφαία,39,14,0.359
Golden State Warriors,2025-11-14,GSW @ SAS,Εκτός Έδρας,San Antonio Spurs,Κορυφαία,45,17,0.378
New York Knicks,2025-11-14,NYK vs. MIA,Εντός Έδρας,Miami Heat,Μεσαία,53,21,0.396
Portland Trail Blazers,2025-11-14,POR @ HOU,Εκτός Έδρας,Houston Rockets,Κορυφαία,36,13,0.361
Houston Rockets,2025-11-14,HOU vs. POR,Εντός Έδρας,Portland Trail Blazers,Μεσαία,45,17,0.378
Miami Heat,2025-11-14,MIA @ NYK,Εκτός Έδρας,New York Knicks,Κορυφαία,44,19,0.432
Charlotte Hornets,2025-11-14,CHA @ MIL,Εκτός Έδρας,Milwaukee Bucks,Αδύναμη,45,17,0.378
New Orleans Pelicans,2025-11-14,NOP vs. LAL,Εντός Έδρας,Los Angeles Lakers,Κορυφαία,34,12,0.353
Sacramento Kings,2025-11-14,SAC @ MIN,Εκτός Έδρας,Minnesota Timberwolves,Κορυφαία,33,12,0.364
Orlando Magic,2025-11-14,ORL vs. BKN,Εντός Έδρας,Brooklyn Nets,Αδύναμη,39,15,0.385
Los Angeles Lakers,2025-11-14,LAL @ NOP,Εκτός Έδρας,New Orleans Pelicans,Αδύναμη,34,10,0.294
Brooklyn Nets,2025-11-14,BKN @ ORL,Εκτός Έδρας,Orlando Magic,Μεσαία,39,10,0.256
Dallas Mavericks,2025-11-14,DAL vs. LAC,Εντός Έδρας,LA Clippers,Μεσαία,36,10,0.278
Milwaukee Bucks,2025-11-14,MIL vs. CHA,Εντός Έδρας,Charlotte Hornets,Μεσαία,34,20,0.588
Detroit Pistons,2025-11-14,DET vs. PHI,Εντός Έδρας,Philadelphia 76ers,Μεσαία,41,17,0.415
San Antonio Spurs,2025-11-14,SAS vs. GSW,Εντός Έδρας,Golden State Warriors,Μεσαία,38,14,0.368
Minnesota Timberwolves,2025-11-14,MIN vs. SAC,Εντός Έδρας,Sacramento Kings,Αδύναμη,37,12,0.324
LA Clippers,2025-11-14,LAC @ DAL,Εκτός Έδρας,Dallas Mavericks,Αδύναμη,42,13,0.31
Toronto Raptors,2025-11-13,TOR @ CLE,Εκτός Έδρας,Cleveland Cavaliers,Κορυφαία,31,12,0.387
Atlanta Hawks,2025-11-13,ATL @ UTA,Εκτός Έδρας,Utah Jazz,Αδύναμη,47,24,0.511
Cleveland Cavaliers,2025-11-13,CLE vs. TOR,Εντός Έδρας,Toronto Raptors,Μεσαία,41,10,0.244
Phoenix Suns,2025-11-13,PHX vs. IND,Εντός Έδρας,Indiana Pacers,Αδύναμη,35,13,0.371
Indiana Pacers,2025-11-13,IND @ PHX,Εκτός Έδρας,Phoenix Suns,Μεσαία,25,7,0.28
Utah Jazz,2025-11-13,UTA vs. ATL,Εντός Έδρας,Atlanta Hawks,Μεσαία,44,19,0.432
Houston Rockets,2025-11-12,HOU vs. WAS,Εντός Έδρας,Washington Wizards,Αδύναμη,35,17,0.486
Miami Heat,2025-11-12,MIA vs. CLE,Εντός Έδρας,Cleveland Cavaliers,Κορυφαία,37,15,0.405
Boston Celtics,2025-11-12,BOS vs. MEM,Εντός Έδρας,Memphis Grizzlies,Αδύναμη,51,21,0.412
Los Angeles Lakers,2025-11-12,LAL @ OKC,Εκτός Έδρας,Oklahoma City Thunder,Κορυφαία,35,11,0.314
Portland Trail Blazers,2025-11-12,POR @ NOP,Εκτός Έδρας,New Orleans Pelicans,Αδύναμη,37,13,0.351
Phoenix Suns,2025-11-12,PHX @ DAL,Εκτός Έδρας,Dallas Mavericks,Αδύναμη,35,14,0.4
Dallas Mavericks,2025-11-12,DAL vs. PHX,Εντός Έδρας,Phoenix Suns,Μεσαία,47,17,0.362
New Orleans Pelicans,2025-11-12,NOP vs. POR,Εντός Έδρας,Portland Trail Blazers,Μεσαία,39,13,0.333
LA Clippers,2025-11-12,LAC vs. DEN,Εντός Έδρας,Denver Nuggets,Κορυφαία,37,16,0.432
Atlanta Hawks,2025-11-12,ATL @ SAC,Εκτός Έδρας,Sacramento Kings,Αδύναμη,40,17,0.425
New York Knicks,2025-11-12,NYK vs. ORL,Εντός Έδρας,Orlando Magic,Μεσαία,36,11,0.306
Sacramento Kings,2025-11-12,SAC vs. ATL,Εντός Έδρας,Atlanta Hawks,Μεσαία,39,14,0.359
Golden State Warriors,2025-11-12,GSW @ SAS,Εκτός Έδρας,San Antonio Spurs,Κορυφαία,57,21,0.368
Orlando Magic,2025-11-12,ORL @ NYK,Εκτός Έδρας,New York Knicks,Κορυφαία,33,12,0.364
Washington Wizards,2025-11-12,WAS @ HOU,Εκτός Έδρας,Houston Rockets,Κορυφαία,38,15,0.395
Oklahoma City Thunder,2025-11-12,OKC vs. LAL,Εντός Έδρας,Los Angeles Lakers,Κορυφαία,39,12,0.308
Cleveland Cavaliers,2025-11-12,CLE @ MIA,Εκτός Έδρας,Miami Heat,Μεσαία,47,14,0.298
Detroit Pistons,2025-11-12,DET vs. CHI,Εντός Έδρας,Chicago Bulls,Αδύναμη,30,13,0.433
San Antonio Spurs,2025-11-12,SAS vs. GSW,Εντός Έδρας,Golden State Warriors,Μεσαία,39,14,0.359
Charlotte Hornets,2025-11-12,CHA vs. MIL,Εντός Έδρας,Milwaukee Bucks,Αδύναμη,40,12,0.3
Milwaukee Bucks,2025-11-12,MIL @ CHA,Εκτός Έδρας,Charlotte Hornets,Μεσαία,30,12,0.4
Memphis Grizzlies,2025-11-12,MEM @ BOS,Εκτός Έδρας,Boston Celtics,Κορυφαία,43,10,0.233
Chicago Bulls,2025-11-12,CHI @ DET,Εκτός Έδρας,Detroit Pistons,Κορυφαία,33,12,0.364
Denver Nuggets,2025-11-12,DEN @ LAC,Εκτός Έδρας,LA Clippers,Μεσαία,34,13,0.382
Brooklyn Nets,2025-11-11,BKN vs. TOR,Εντός Έδρας,Toronto Raptors,Μεσαία,41,14,0.341
Sacramento Kings,2025-11-11,SAC vs. DEN,Εντός Έδρας,Denver Nuggets,Κορυφαία,33,10,0.303
Utah Jazz,2025-11-11,UTA vs. IND,Εντός Έδρας,Indiana Pacers,Αδύναμη,42,19,0.452
Golden State Warriors,2025-11-11,GSW @ OKC,Εκτός Έδρας,Oklahoma City Thunder,Κορυφαία,35,13,0.371
New York Knicks,2025-11-11,NYK vs. MEM,Εντός Έδρας,Memphis Grizzlies,Αδύναμη,55,22,0.4
Memphis Grizzlies,2025-11-11,MEM @ NYK,Εκτός Έδρας,New York Knicks,Κορυφαία,38,14,0.368
Boston Celtics,2025-11-11,BOS @ PHI,Εκτός Έδρας,Philadelphia 76ers,Μεσαία,38,13,0.342
Toronto Raptors,2025-11-11,TOR @ BKN,Εκτός Έδρας,Brooklyn Nets,Αδύναμη,35,9,0.257
Philadelphia 76ers,2025-11-11,PHI vs. BOS,Εντός Έδρας,Boston Celtics,Κορυφαία,36,14,0.389
Indiana Pacers,2025-11-11,IND @ UTA,Εκτός Έδρας,Utah Jazz,Αδύναμη,37,10,0.27
Denver Nuggets,2025-11-11,DEN @ SAC,Εκτός Έδρας,Sacramento Kings,Αδύναμη,33,13,0.394
Oklahoma City Thunder,2025-11-11,OKC vs. GSW,Εντός Έδρας,Golden State Warriors,Μεσαία,36,16,0.444
LA Clippers,2025-11-10,LAC vs. ATL,Εντός Έδρας,Atlanta Hawks,Μεσαία,38,12,0.316
Chicago Bulls,2025-11-10,CHI vs. SAS,Εντός Έδρας,San Antonio Spurs,Κορυφαία,38,16,0.421
Dallas Mavericks,2025-11-10,DAL vs. MIL,Εντός Έδρας,Milwaukee Bucks,Αδύναμη,39,9,0.231
Utah Jazz,2025-11-10,UTA vs. MIN,Εντός Έδρας,Minnesota Timberwolves,Κορυφαία,52,17,0.327
Phoenix Suns,2025-11-10,PHX vs. NOP,Εντός Έδρας,New Orleans Pelicans,Αδύναμη,43,19,0.442
Atlanta Hawks,2025-11-10,ATL @ LAC,Εκτός Έδρας,LA Clippers,Μεσαία,34,13,0.382
San Antonio Spurs,2025-11-10,SAS @ CHI,Εκτός Έδρας,Chicago Bulls,Αδύναμη,33,10,0.303
Orlando Magic,2025-11-10,ORL vs. POR,Εντός Έδρας,Portland Trail Blazers,Μεσαία,30,8,0.267
Miami Heat,2025-11-10,MIA vs. CLE,Εντός Έδρας,Cleveland Cavaliers,Κορυφαία,36,12,0.333
Milwaukee Bucks,2025-11-10,MIL @ DAL,Εκτός Έδρας,Dallas Mavericks,Αδύναμη,36,14,0.389
New Orleans Pelicans,2025-11-10,NOP @ PHX,Εκτός Έδρας,Phoenix Suns,Μεσαία,32,10,0.313
Cleveland Cavaliers,2025-11-10,CLE @ MIA,Εκτός Έδρας,Miami Heat,Μεσαία,65,21,0.323
Minnesota Timberwolves,2025-11-10,MIN @ UTA,Εκτός Έδρας,Utah Jazz,Αδύναμη,33,10,0.303
Washington Wizards,2025-11-10,WAS @ DET,Εκτός Έδρας,Detroit Pistons,Κορυφαία,38,15,0.395
Los Angeles Lakers,2025-11-10,LAL @ CHA,Εκτός Έδρας,Charlotte Hornets,Μεσαία,39,14,0.359
Detroit Pistons,2025-11-10,DET vs. WAS,Εντός Έδρας,Washington Wizards,Αδύναμη,41,13,0.317
Portland Trail Blazers,2025-11-10,POR @ ORL,Εκτός Έδρας,Orlando Magic,Μεσαία,36,13,0.361
Charlotte Hornets,2025-11-10,CHA vs. LAL,Εντός Έδρας,Los Angeles Lakers,Κορυφαία,36,17,0.472
Milwaukee Bucks,2025-11-09,MIL vs. HOU,Εντός Έδρας,Houston Rockets,Κορυφαία,29,13,0.448
Orlando Magic,2025-11-09,ORL vs. BOS,Εντός Έδρας,Boston Celtics,Κορυφαία,29,7,0.241
Detroit Pistons,2025-11-09,DET @ PHI,Εκτός Έδρας,Philadelphia 76ers,Μεσαία,30,13,0.433
Oklahoma City Thunder,2025-11-09,OKC @ MEM,Εκτός Έδρας,Memphis Grizzlies,Αδύναμη,43,10,0.233
Golden State Warriors,2025-11-09,GSW vs. IND,Εντός Έδρας,Indiana Pacers,Αδύναμη,44,12,0.273
New York Knicks,2025-11-09,NYK vs. BKN,Εντός Έδρας,Brooklyn Nets,Αδύναμη,37,17,0.459
Houston Rockets,2025-11-09,HOU @ MIL,Εκτός Έδρας,Milwaukee Bucks,Αδύναμη,26,10,0.385
Memphis Grizzlies,2025-11-09,MEM vs. OKC,Εντός Έδρας,Oklahoma City Thunder,Κορυφαία,44,17,0.386
Philadelphia 76ers,2025-11-09,PHI vs. DET,Εντός Έδρας,Detroit Pistons,Κορυφαία,33,12,0.364
Brooklyn Nets,2025-11-09,BKN @ NYK,Εκτός Έδρας,New York Knicks,Κορυφαία,45,14,0.311
Indiana Pacers,2025-11-09,IND @ GSW,Εκτός Έδρας,Golden State Warriors,Μεσαία,39,11,0.282
Minnesota Timberwolves,2025-11-09,MIN @ SAC,Εκτός Έδρας,Sacramento Kings,Αδύναμη,46,18,0.391
Boston Celtics,2025-11-09,BOS @ ORL,Εκτός Έδρας,Orlando Magic,Μεσαία,33,13,0.394
Sacramento Kings,2025-11-09,SAC vs. MIN,Εντός Έδρας,Minnesota Timberwolves,Κορυφαία,29,13,0.448
Los Angeles Lakers,2025-11-08,LAL @ ATL,Εκτός Έδρας,Atlanta Hawks,Μεσαία,30,12,0.4
Chicago Bulls,2025-11-08,CHI @ CLE,Εκτός Έδρας,Cleveland Cavaliers,Κορυφαία,29,13,0.448
New Orleans Pelicans,2025-11-08,NOP @ SAS,Εκτός Έδρας,San Antonio Spurs,Κορυφαία,38,15,0.395
LA Clippers,2025-11-08,LAC vs. PHX,Εντός Έδρας,Phoenix Suns,Μεσαία,33,10,0.303
Dallas Mavericks,2025-11-08,DAL @ WAS,Εκτός Έδρας,Washington Wizards,Αδύναμη,24,6,0.25
Miami Heat,2025-11-08,MIA vs. POR,Εντός Έδρας,Portland Trail Blazers,Μεσαία,35,10,0.286
Cleveland Cavaliers,2025-11-08,CLE vs. CHI,Εντός Έδρας,Chicago Bulls,Αδύναμη,46,17,0.37
Atlanta Hawks,2025-11-08,ATL vs. LAL,Εντός Έδρας,Los Angeles Lakers,Κορυφαία,39,16,0.41
Washington Wizards,2025-11-08,WAS vs. DAL,Εντός Έδρας,Dallas Mavericks,Αδύναμη,35,11,0.314
Philadelphia 76ers,2025-11-08,PHI vs. TOR,Εντός Έδρας,Toronto Raptors,Μεσαία,35,10,0.286
Indiana Pacers,2025-11-08,IND @ DEN,Εκτός Έδρας,Denver Nuggets,Κορυφαία,36,8,0.222
San Antonio Spurs,2025-11-08,SAS vs. NOP,Εντός Έδρας,New Orleans Pelicans,Αδύναμη,40,14,0.35
Toronto Raptors,2025-11-08,TOR @ PHI,Εκτός Έδρας,Philadelphia 76ers,Μεσαία,38,16,0.421
Denver Nuggets,2025-11-08,DEN vs. IND,Εντός Έδρας,Indiana Pacers,Αδύναμη,27,8,0.296
Phoenix Suns,2025-11-08,PHX @ LAC,Εκτός Έδρας,LA Clippers,Μεσαία,38,16,0.421
Portland Trail Blazers,2025-11-08,POR @ MIA,Εκτός Έδρας,Miami Heat,Μεσαία,51,14,0.275
San Antonio Spurs,2025-11-07,SAS vs. HOU,Εντός Έδρας,Houston Rockets,Κορυφαία,45,18,0.4
Denver Nuggets,2025-11-07,DEN vs. GSW,Εντός Έδρας,Golden State Warriors,Μεσαία,33,16,0.485
Atlanta Hawks,2025-11-07,ATL vs. TOR,Εντός Έδρας,Toronto Raptors,Μεσαία,38,9,0.237
Toronto Raptors,2025-11-07,TOR @ ATL,Εκτός Έδρας,Atlanta Hawks,Μεσαία,38,12,0.316
Golden State Warriors,2025-11-07,GSW @ DEN,Εκτός Έδρας,Denver Nuggets,Κορυφαία,41,12,0.293
Sacramento Kings,2025-11-07,SAC vs. OKC,Εντός Έδρας,Oklahoma City Thunder,Κορυφαία,40,15,0.375
Milwaukee Bucks,2025-11-07,MIL vs. CHI,Εντός Έδρας,Chicago Bulls,Αδύναμη,39,16,0.41
Houston Rockets,2025-11-07,HOU @ SAS,Εκτός Έδρας,San Antonio Spurs,Κορυφαία,27,13,0.481
Brooklyn Nets,2025-11-07,BKN vs. DET,Εντός Έδρας,Detroit Pistons,Κορυφαία,46,17,0.37
Washington Wizards,2025-11-07,WAS vs. CLE,Εντός Έδρας,Cleveland Cavaliers,Κορυφαία,41,15,0.366
Oklahoma City Thunder,2025-11-07,OKC @ SAC,Εκτός Έδρας,Sacramento Kings,Αδύναμη,35,13,0.371
Cleveland Cavaliers,2025-11-07,CLE @ WAS,Εκτός Έδρας,Washington Wizards,Αδύναμη,45,20,0.444
Minnesota Timberwolves,2025-11-07,MIN vs. UTA,Εντός Έδρας,Utah Jazz,Αδύναμη,36,17,0.472
Charlotte Hornets,2025-11-07,CHA @ MIA,Εκτός Έδρας,Miami Heat,Μεσαία,39,10,0.256
Orlando Magic,2025-11-07,ORL vs. BOS,Εντός Έδρας,Boston Celtics,Κορυφαία,36,17,0.472
Memphis Grizzlies,2025-11-07,MEM vs. DAL,Εντός Έδρας,Dallas Mavericks,Αδύναμη,35,13,0.371
Boston Celtics,2025-11-07,BOS @ ORL,Εκτός Έδρας,Orlando Magic,Μεσαία,37,13,0.351
Dallas Mavericks,2025-11-07,DAL @ MEM,Εκτός Έδρας,Memphis Grizzlies,Αδύναμη,39,10,0.256
Miami Heat,2025-11-07,MIA vs. CHA,Εντός Έδρας,Charlotte Hornets,Μεσαία,28,12,0.429
Chicago Bulls,2025-11-07,CHI @ MIL,Εκτός Έδρας,Milwaukee Bucks,Αδύναμη,33,10,0.303
Detroit Pistons,2025-11-07,DET @ BKN,Εκτός Έδρας,Brooklyn Nets,Αδύναμη,26,6,0.231
Utah Jazz,2025-11-07,UTA @ MIN,Εκτός Έδρας,Minnesota Timberwolves,Κορυφαία,39,9,0.231
LA Clippers,2025-11-06,LAC @ PHX,Εκτός Έδρας,Phoenix Suns,Μεσαία,31,10,0.323
Phoenix Suns,2025-11-06,PHX vs. LAC,Εντός Έδρας,LA Clippers,Μεσαία,49,19,0.388
Boston Celtics,2025-11-05,BOS vs. WAS,Εντός Έδρας,Washington Wizards,Αδύναμη,41,16,0.39
Memphis Grizzlies,2025-11-05,MEM vs. HOU,Εντός Έδρας,Houston Rockets,Κορυφαία,39,13,0.333
Washington Wizards,2025-11-05,WAS @ BOS,Εκτός Έδρας,Boston Celtics,Κορυφαία,27,9,0.333
Brooklyn Nets,2025-11-05,BKN @ IND,Εκτός Έδρας,Indiana Pacers,Αδύναμη,40,14,0.35
Dallas Mavericks,2025-11-05,DAL vs. NOP,Εντός Έδρας,New Orleans Pelicans,Αδύναμη,32,10,0.313
Houston Rockets,2025-11-05,HOU @ MEM,Εκτός Έδρας,Memphis Grizzlies,Αδύναμη,30,13,0.433
Sacramento Kings,2025-11-05,SAC vs. GSW,Εντός Έδρας,Golden State Warriors,Μεσαία,23,11,0.478
Portland Trail Blazers,2025-11-05,POR vs. OKC,Εντός Έδρας,Oklahoma City Thunder,Κορυφαία,43,19,0.442
Cleveland Cavaliers,2025-11-05,CLE vs. PHI,Εντός Έδρας,Philadelphia 76ers,Μεσαία,44,18,0.409
Detroit Pistons,2025-11-05,DET vs. UTA,Εντός Έδρας,Utah Jazz,Αδύναμη,30,11,0.367
Philadelphia 76ers,2025-11-05,PHI @ CLE,Εκτός Έδρας,Cleveland Cavaliers,Κορυφαία,31,12,0.387
Oklahoma City Thunder,2025-11-05,OKC @ POR,Εκτός Έδρας,Portland Trail Blazers,Μεσαία,38,15,0.395
San Antonio Spurs,2025-11-05,SAS @ LAL,Εκτός Έδρας,Los Angeles Lakers,Κορυφαία,33,13,0.394
Golden State Warriors,2025-11-05,GSW @ SAC,Εκτός Έδρας,Sacramento Kings,Αδύναμη,43,17,0.395
Los Angeles Lakers,2025-11-05,LAL vs. SAS,Εντός Έδρας,San Antonio Spurs,Κορυφαία,31,10,0.323
Minnesota Timberwolves,2025-11-05,MIN @ NYK,Εκτός Έδρας,New York Knicks,Κορυφαία,40,19,0.475
Utah Jazz,2025-11-05,UTA @ DET,Εκτός Έδρας,Detroit Pistons,Κορυφαία,39,12,0.308
Miami Heat,2025-11-05,MIA @ DEN,Εκτός Έδρας,Denver Nuggets,Κορυφαία,41,14,0.341
Denver Nuggets,2025-11-05,DEN vs. MIA,Εντός Έδρας,Miami Heat,Μεσαία,40,11,0.275
New York Knicks,2025-11-05,NYK vs. MIN,Εντός Έδρας,Minnesota Timberwolves,Κορυφαία,42,19,0.452
Indiana Pacers,2025-11-05,IND vs. BKN,Εντός Έδρας,Brooklyn Nets,Αδύναμη,36,13,0.361
New Orleans Pelicans,2025-11-05,NOP @ DAL,Εκτός Έδρας,Dallas Mavericks,Αδύναμη,31,10,0.323
Chicago Bulls,2025-11-04,CHI vs. PHI,Εντός Έδρας,Philadelphia 76ers,Μεσαία,34,13,0.382
Oklahoma City Thunder,2025-11-04,OKC @ LAC,Εκτός Έδρας,LA Clippers,Μεσαία,38,18,0.474
Philadelphia 76ers,2025-11-04,PHI @ CHI,Εκτός Έδρας,Chicago Bulls,Αδύναμη,30,11,0.367
Atlanta Hawks,2025-11-04,ATL vs. ORL,Εντός Έδρας,Orlando Magic,Μεσαία,30,13,0.433
Charlotte Hornets,2025-11-04,CHA @ NOP,Εκτός Έδρας,New Orleans Pelicans,Αδύναμη,38,13,0.342
Toronto Raptors,2025-11-04,TOR vs. MIL,Εντός Έδρας,Milwaukee Bucks,Αδύναμη,38,17,0.447
New Orleans Pelicans,2025-11-04,NOP vs. CHA,Εντός Έδρας,Charlotte Hornets,Μεσαία,38,17,0.447
Phoenix Suns,2025-11-04,PHX @ GSW,Εκτός Έδρας,Golden State Warriors,Μεσαία,33,12,0.364
Orlando Magic,2025-11-04,ORL @ ATL,Εκτός Έδρας,Atlanta Hawks,Μεσαία,34,11,0.324
Golden State Warriors,2025-11-04,GSW vs. PHX,Εντός Έδρας,Phoenix Suns,Μεσαία,42,19,0.452
Milwaukee Bucks,2025-11-04,MIL @ TOR,Εκτός Έδρας,Toronto Raptors,Μεσαία,38,11,0.289
LA Clippers,2025-11-04,LAC vs. OKC,Εντός Έδρας,Oklahoma City Thunder,Κορυφαία,43,18,0.419
Washington Wizards,2025-11-03,WAS @ NYK,Εκτός Έδρας,New York Knicks,Κορυφαία,35,13,0.371
Memphis Grizzlies,2025-11-03,MEM vs. DET,Εντός Έδρας,Detroit Pistons,Κορυφαία,41,14,0.341
Sacramento Kings,2025-11-03,SAC @ DEN,Εκτός Έδρας,Denver Nuggets,Κορυφαία,27,9,0.333
Utah Jazz,2025-11-03,UTA @ BOS,Εκτός Έδρας,Boston Celtics,Κορυφαία,31,9,0.29
Los Angeles Lakers,2025-11-03,LAL @ POR,Εκτός Έδρας,Portland Trail Blazers,Μεσαία,23,9,0.391
Portland Trail Blazers,2025-11-03,POR vs. LAL,Εντός Έδρας,Los Angeles Lakers,Κορυφαία,40,9,0.225
New York Knicks,2025-11-03,NYK vs. WAS,Εντός Έδρας,Washington Wizards,Αδύναμη,41,15,0.366
Minnesota Timberwolves,2025-11-03,MIN @ BKN,Εκτός Έδρας,Brooklyn Nets,Αδύναμη,35,14,0.4
Detroit Pistons,2025-11-03,DET @ MEM,Εκτός Έδρας,Memphis Grizzlies,Αδύναμη,31,10,0.323
Denver Nuggets,2025-11-03,DEN vs. SAC,Εντός Έδρας,Sacramento Kings,Αδύναμη,38,12,0.316
Indiana Pacers,2025-11-03,IND vs. MIL,Εντός Έδρας,Milwaukee Bucks,Αδύναμη,33,8,0.242
LA Clippers,2025-11-03,LAC vs. MIA,Εντός Έδρας,Miami Heat,Μεσαία,41,17,0.415
Brooklyn Nets,2025-11-03,BKN vs. MIN,Εντός Έδρας,Minnesota Timberwolves,Κορυφαία,40,12,0.3
Dallas Mavericks,2025-11-03,DAL @ HOU,Εκτός Έδρας,Houston Rockets,Κορυφαία,36,9,0.25
Miami Heat,2025-11-03,MIA @ LAC,Εκτός Έδρας,LA Clippers,Μεσαία,25,12,0.48
Houston Rockets,2025-11-03,HOU vs. DAL,Εντός Έδρας,Dallas Mavericks,Αδύναμη,29,8,0.276
Milwaukee Bucks,2025-11-03,MIL @ IND,Εκτός Έδρας,Indiana Pacers,Αδύναμη,47,20,0.426
Boston Celtics,2025-11-03,BOS vs. UTA,Εντός Έδρας,Utah Jazz,Αδύναμη,51,11,0.216
Cleveland Cavaliers,2025-11-02,CLE vs. ATL,Εντός Έδρας,Atlanta Hawks,Μεσαία,57,20,0.351
Chicago Bulls,2025-11-02,CHI @ NYK,Εκτός Έδρας,New York Knicks,Κορυφαία,40,17,0.425
Atlanta Hawks,2025-11-02,ATL @ CLE,Εκτός Έδρας,Cleveland Cavaliers,Κορυφαία,23,6,0.261
Los Angeles Lakers,2025-11-02,LAL vs. MIA,Εντός Έδρας,Miami Heat,Μεσαία,46,15,0.326
Phoenix Suns,2025-11-02,PHX vs. SAS,Εντός Έδρας,San Antonio Spurs,Κορυφαία,33,19,0.576
New Orleans Pelicans,2025-11-02,NOP @ OKC,Εκτός Έδρας,Oklahoma City Thunder,Κορυφαία,40,16,0.4
Utah Jazz,2025-11-02,UTA @ CHA,Εκτός Έδρας,Charlotte Hornets,Μεσαία,32,7,0.219
Brooklyn Nets,2025-11-02,BKN vs. PHI,Εντός Έδρας,Philadelphia 76ers,Μεσαία,39,7,0.179
Philadelphia 76ers,2025-11-02,PHI @ BKN,Εκτός Έδρας,Brooklyn Nets,Αδύναμη,40,15,0.375
New York Knicks,2025-11-02,NYK vs. CHI,Εντός Έδρας,Chicago Bulls,Αδύναμη,42,20,0.476
San Antonio Spurs,2025-11-02,SAS @ PHX,Εκτός Έδρας,Phoenix Suns,Μεσαία,41,10,0.244
Oklahoma City Thunder,2025-11-02,OKC vs. NOP,Εντός Έδρας,New Orleans Pelicans,Αδύναμη,48,20,0.417
Charlotte Hornets,2025-11-02,CHA vs. UTA,Εντός Έδρας,Utah Jazz,Αδύναμη,43,18,0.419
Toronto Raptors,2025-11-02,TOR vs. MEM,Εντός Έδρας,Memphis Grizzlies,Αδύναμη,37,11,0.297
Miami Heat,2025-11-02,MIA @ LAL,Εκτός Έδρας,Los Angeles Lakers,Κορυφαία,33,9,0.273
Memphis Grizzlies,2025-11-02,MEM @ TOR,Εκτός Έδρας,Toronto Raptors,Μεσαία,35,11,0.314
Indiana Pacers,2025-11-01,IND vs. GSW,Εντός Έδρας,Golden State Warriors,Μεσαία,33,10,0.303
Washington Wizards,2025-11-01,WAS vs. ORL,Εντός Έδρας,Orlando Magic,Μεσαία,27,9,0.333
Dallas Mavericks,2025-11-01,DAL @ DET,Εκτός Έδρας,Detroit Pistons,Κορυφαία,45,16,0.356
Milwaukee Bucks,2025-11-01,MIL vs. SAC,Εντός Έδρας,Sacramento Kings,Αδύναμη,32,15,0.469
Orlando Magic,2025-11-01,ORL @ WAS,Εκτός Έδρας,Washington Wizards,Αδύναμη,36,12,0.333
Charlotte Hornets,2025-11-01,CHA vs. MIN,Εντός Έδρας,Minnesota Timberwolves,Κορυφαία,45,13,0.289
Detroit Pistons,2025-11-01,DAL @ DET,Εκτός Έδρας,Dallas Mavericks,Αδύναμη,24,9,0.375
Sacramento Kings,2025-11-01,SAC @ MIL,Εκτός Έδρας,Milwaukee Bucks,Αδύναμη,28,10,0.357
Boston Celtics,2025-11-01,BOS vs. HOU,Εντός Έδρας,Houston Rockets,Κορυφαία,44,14,0.318
Golden State Warriors,2025-11-01,GSW @ IND,Εκτός Έδρας,Indiana Pacers,Αδύναμη,44,12,0.273
Houston Rockets,2025-11-01,HOU @ BOS,Εκτός Έδρας,Boston Celtics,Κορυφαία,29,19,0.655
Minnesota Timberwolves,2025-11-01,MIN @ CHA,Εκτός Έδρας,Charlotte Hornets,Μεσαία,36,17,0.472
Toronto Raptors,2025-10-31,TOR @ CLE,Εκτός Έδρας,Cleveland Cavaliers,Κορυφαία,30,13,0.433
New York Knicks,2025-10-31,NYK @ CHI,Εκτός Έδρας,Chicago Bulls,Αδύναμη,45,18,0.4
Denver Nuggets,2025-10-31,DEN @ POR,Εκτός Έδρας,Portland Trail Blazers,Μεσαία,25,6,0.24
Memphis Grizzlies,2025-10-31,MEM vs. LAL,Εντός Έδρας,Los Angeles Lakers,Κορυφαία,45,14,0.311
New Orleans Pelicans,2025-10-31,NOP @ LAC,Εκτός Έδρας,LA Clippers,Μεσαία,37,18,0.486
Phoenix Suns,2025-10-31,PHX vs. UTA,Εντός Έδρας,Utah Jazz,Αδύναμη,48,17,0.354
Portland Trail Blazers,2025-10-31,POR vs. DEN,Εντός Έδρας,Denver Nuggets,Κορυφαία,39,11,0.282
Utah Jazz,2025-10-31,UTA @ PHX,Εκτός Έδρας,Phoenix Suns,Μεσαία,37,12,0.324
Boston Celtics,2025-10-31,BOS @ PHI,Εκτός Έδρας,Philadelphia 76ers,Μεσαία,45,14,0.311
Los Angeles Lakers,2025-10-31,LAL @ MEM,Εκτός Έδρας,Memphis Grizzlies,Αδύναμη,38,13,0.342
LA Clippers,2025-10-31,LAC vs. NOP,Εντός Έδρας,New Orleans Pelicans,Αδύναμη,39,15,0.385
Indiana Pacers,2025-10-31,IND vs. ATL,Εντός Έδρας,Atlanta Hawks,Μεσαία,47,13,0.277
Chicago Bulls,2025-10-31,CHI vs. NYK,Εντός Έδρας,New York Knicks,Κορυφαία,37,17,0.459
Philadelphia 76ers,2025-10-31,PHI vs. BOS,Εντός Έδρας,Boston Celtics,Κορυφαία,34,13,0.382
Cleveland Cavaliers,2025-10-31,CLE vs. TOR,Εντός Έδρας,Toronto Raptors,Μεσαία,46,14,0.304
Atlanta Hawks,2025-10-31,ATL @ IND,Εκτός Έδρας,Indiana Pacers,Αδύναμη,30,10,0.333
Oklahoma City Thunder,2025-10-30,OKC vs. WAS,Εντός Έδρας,Washington Wizards,Αδύναμη,49,16,0.327
Charlotte Hornets,2025-10-30,CHA vs. ORL,Εντός Έδρας,Orlando Magic,Μεσαία,30,11,0.367
Orlando Magic,2025-10-30,ORL @ CHA,Εκτός Έδρας,Charlotte Hornets,Μεσαία,38,16,0.421
San Antonio Spurs,2025-10-30,SAS vs. MIA,Εντός Έδρας,Miami Heat,Μεσαία,41,14,0.341
Milwaukee Bucks,2025-10-30,MIL vs. GSW,Εντός Έδρας,Golden State Warriors,Μεσαία,46,19,0.413
Miami Heat,2025-10-30,MIA @ SAS,Εκτός Έδρας,San Antonio Spurs,Κορυφαία,38,15,0.395
Golden State Warriors,2025-10-30,GSW @ MIL,Εκτός Έδρας,Milwaukee Bucks,Αδύναμη,38,13,0.342
Washington Wizards,2025-10-30,WAS @ OKC,Εκτός Έδρας,Oklahoma City Thunder,Κορυφαία,40,17,0.425
Minnesota Timberwolves,2025-10-29,MIN vs. LAL,Εντός Έδρας,Los Angeles Lakers,Κορυφαία,30,15,0.5
Chicago Bulls,2025-10-29,CHI vs. SAC,Εντός Έδρας,Sacramento Kings,Αδύναμη,32,14,0.438
Denver Nuggets,2025-10-29,DEN vs. NOP,Εντός Έδρας,New Orleans Pelicans,Αδύναμη,42,14,0.333
Memphis Grizzlies,2025-10-29,MEM @ PHX,Εκτός Έδρας,Phoenix Suns,Μεσαία,38,15,0.395
New Orleans Pelicans,2025-10-29,NOP @ DEN,Εκτός Έδρας,Denver Nuggets,Κορυφαία,34,7,0.206
Los Angeles Lakers,2025-10-29,LAL @ MIN,Εκτός Έδρας,Minnesota Timberwolves,Κορυφαία,31,11,0.355
Sacramento Kings,2025-10-29,SAC @ CHI,Εκτός Έδρας,Chicago Bulls,Αδύναμη,28,7,0.25
Brooklyn Nets,2025-10-29,BKN vs. ATL,Εντός Έδρας,Atlanta Hawks,Μεσαία,37,11,0.297
Dallas Mavericks,2025-10-29,DAL vs. IND,Εντός Έδρας,Indiana Pacers,Αδύναμη,24,5,0.208
Boston Celtics,2025-10-29,BOS vs. CLE,Εντός Έδρας,Cleveland Cavaliers,Κορυφαία,57,21,0.368
Atlanta Hawks,2025-10-29,ATL @ BKN,Εκτός Έδρας,Brooklyn Nets,Αδύναμη,33,13,0.394
Phoenix Suns,2025-10-29,PHX vs. MEM,Εντός Έδρας,Memphis Grizzlies,Αδύναμη,40,16,0.4
Detroit Pistons,2025-10-29,DET vs. ORL,Εντός Έδρας,Orlando Magic,Μεσαία,32,13,0.406
Portland Trail Blazers,2025-10-29,POR @ UTA,Εκτός Έδρας,Utah Jazz,Αδύναμη,55,21,0.382
Toronto Raptors,2025-10-29,TOR vs. HOU,Εντός Έδρας,Houston Rockets,Κορυφαία,40,21,0.525
Indiana Pacers,2025-10-29,IND @ DAL,Εκτός Έδρας,Dallas Mavericks,Αδύναμη,45,13,0.289
Houston Rockets,2025-10-29,HOU @ TOR,Εκτός Έδρας,Toronto Raptors,Μεσαία,30,13,0.433
Utah Jazz,2025-10-29,UTA vs. POR,Εντός Έδρας,Portland Trail Blazers,Μεσαία,35,11,0.314
Orlando Magic,2025-10-29,ORL @ DET,Εκτός Έδρας,Detroit Pistons,Κορυφαία,31,12,0.387
Cleveland Cavaliers,2025-10-29,CLE @ BOS,Εκτός Έδρας,Boston Celtics,Κορυφαία,52,17,0.327
Oklahoma City Thunder,2025-10-28,OKC vs. SAC,Εντός Έδρας,Sacramento Kings,Αδύναμη,44,14,0.318
Philadelphia 76ers,2025-10-28,PHI @ WAS,Εκτός Έδρας,Washington Wizards,Αδύναμη,42,17,0.405
Golden State Warriors,2025-10-28,GSW vs. LAC,Εντός Έδρας,LA Clippers,Μεσαία,45,17,0.378
LA Clippers,2025-10-28,LAC @ GSW,Εκτός Έδρας,Golden State Warriors,Μεσαία,33,6,0.182
Miami Heat,2025-10-28,MIA vs. CHA,Εντός Έδρας,Charlotte Hornets,Μεσαία,45,20,0.444
Sacramento Kings,2025-10-28,SAC @ OKC,Εκτός Έδρας,Oklahoma City Thunder,Κορυφαία,29,10,0.345
Washington Wizards,2025-10-28,WAS vs. PHI,Εντός Έδρας,Philadelphia 76ers,Μεσαία,43,17,0.395
New York Knicks,2025-10-28,NYK @ MIL,Εκτός Έδρας,Milwaukee Bucks,Αδύναμη,40,13,0.325
Milwaukee Bucks,2025-10-28,MIL vs. NYK,Εντός Έδρας,New York Knicks,Κορυφαία,34,14,0.412
Charlotte Hornets,2025-10-28,CHA @ MIA,Εκτός Έδρας,Miami Heat,Μεσαία,45,18,0.4
Brooklyn Nets,2025-10-27,BKN @ HOU,Εκτός Έδρας,Houston Rockets,Κορυφαία,40,15,0.375
Golden State Warriors,2025-10-27,GSW vs. MEM,Εντός Έδρας,Memphis Grizzlies,Αδύναμη,43,19,0.442
Portland Trail Blazers,2025-10-27,POR @ LAL,Εκτός Έδρας,Los Angeles Lakers,Κορυφαία,43,14,0.326
Toronto Raptors,2025-10-27,TOR @ SAS,Εκτός Έδρας,San Antonio Spurs,Κορυφαία,32,12,0.375
Utah Jazz,2025-10-27,UTA vs. PHX,Εντός Έδρας,Phoenix Suns,Μεσαία,49,16,0.327
Houston Rockets,2025-10-27,HOU vs. BKN,Εντός Έδρας,Brooklyn Nets,Αδύναμη,32,16,0.5
Minnesota Timberwolves,2025-10-27,MIN vs. DEN,Εντός Έδρας,Denver Nuggets,Κορυφαία,32,10,0.313
Cleveland Cavaliers,2025-10-27,CLE @ DET,Εκτός Έδρας,Detroit Pistons,Κορυφαία,35,11,0.314
Phoenix Suns,2025-10-27,PHX @ UTA,Εκτός Έδρας,Utah Jazz,Αδύναμη,55,20,0.364
San Antonio Spurs,2025-10-27,SAS vs. TOR,Εντός Έδρας,Toronto Raptors,Μεσαία,27,13,0.481
Orlando Magic,2025-10-27,ORL @ PHI,Εκτός Έδρας,Philadelphia 76ers,Μεσαία,25,8,0.32
Oklahoma City Thunder,2025-10-27,OKC @ DAL,Εκτός Έδρας,Dallas Mavericks,Αδύναμη,30,6,0.2
Boston Celtics,2025-10-27,BOS @ NOP,Εκτός Έδρας,New Orleans Pelicans,Αδύναμη,53,18,0.34
Atlanta Hawks,2025-10-27,ATL @ CHI,Εκτός Έδρας,Chicago Bulls,Αδύναμη,32,11,0.344
Detroit Pistons,2025-10-27,DET vs. CLE,Εντός Έδρας,Cleveland Cavaliers,Κορυφαία,34,11,0.324
Philadelphia 76ers,2025-10-27,PHI vs. ORL,Εντός Έδρας,Orlando Magic,Μεσαία,33,14,0.424
Chicago Bulls,2025-10-27,CHI vs. ATL,Εντός Έδρας,Atlanta Hawks,Μεσαία,43,16,0.372
Memphis Grizzlies,2025-10-27,MEM @ GSW,Εκτός Έδρας,Golden State Warriors,Μεσαία,39,12,0.308
Denver Nuggets,2025-10-27,DEN @ MIN,Εκτός Έδρας,Minnesota Timberwolves,Κορυφαία,26,13,0.5
New Orleans Pelicans,2025-10-27,NOP vs. BOS,Εντός Έδρας,Boston Celtics,Κορυφαία,36,9,0.25
Dallas Mavericks,2025-10-27,DAL vs. OKC,Εντός Έδρας,Oklahoma City Thunder,Κορυφαία,39,12,0.308
Los Angeles Lakers,2025-10-27,LAL vs. POR,Εντός Έδρας,Portland Trail Blazers,Μεσαία,27,7,0.259
Cleveland Cavaliers,2025-10-26,CLE vs. MIL,Εντός Έδρας,Milwaukee Bucks,Αδύναμη,40,12,0.3
San Antonio Spurs,2025-10-26,SAS vs. BKN,Εντός Έδρας,Brooklyn Nets,Αδύναμη,27,12,0.444
Minnesota Timberwolves,2025-10-26,MIN vs. IND,Εντός Έδρας,Indiana Pacers,Αδύναμη,33,10,0.303
Detroit Pistons,2025-10-26,DET vs. BOS,Εντός Έδρας,Boston Celtics,Κορυφαία,34,9,0.265
Miami Heat,2025-10-26,MIA vs. NYK,Εντός Έδρας,New York Knicks,Κορυφαία,37,13,0.351
New York Knicks,2025-10-26,NYK @ MIA,Εκτός Έδρας,Miami Heat,Μεσαία,54,15,0.278
Dallas Mavericks,2025-10-26,DAL vs. TOR,Εντός Έδρας,Toronto Raptors,Μεσαία,26,10,0.385
Boston Celtics,2025-10-26,BOS @ DET,Εκτός Έδρας,Detroit Pistons,Κορυφαία,45,15,0.333
Portland Trail Blazers,2025-10-26,POR @ LAC,Εκτός Έδρας,LA Clippers,Μεσαία,41,11,0.268
Brooklyn Nets,2025-10-26,BKN @ SAS,Εκτός Έδρας,San Antonio Spurs,Κορυφαία,50,16,0.32
LA Clippers,2025-10-26,LAC vs. POR,Εντός Έδρας,Portland Trail Blazers,Μεσαία,31,12,0.387
Washington Wizards,2025-10-26,WAS vs. CHA,Εντός Έδρας,Charlotte Hornets,Μεσαία,34,10,0.294
Charlotte Hornets,2025-10-26,CHA @ WAS,Εκτός Έδρας,Washington Wizards,Αδύναμη,38,15,0.395
Indiana Pacers,2025-10-26,IND @ MIN,Εκτός Έδρας,Minnesota Timberwolves,Κορυφαία,40,14,0.35
Toronto Raptors,2025-10-26,TOR @ DAL,Εκτός Έδρας,Dallas Mavericks,Αδύναμη,33,13,0.394
Los Angeles Lakers,2025-10-26,LAL @ SAC,Εκτός Έδρας,Sacramento Kings,Αδύναμη,25,8,0.32
Sacramento Kings,2025-10-26,SAC vs. LAL,Εντός Έδρας,Los Angeles Lakers,Κορυφαία,43,18,0.419
Milwaukee Bucks,2025-10-26,MIL @ CLE,Εκτός Έδρας,Cleveland Cavaliers,Κορυφαία,33,13,0.394
Philadelphia 76ers,2025-10-25,PHI vs. CHA,Εντός Έδρας,Charlotte Hornets,Μεσαία,39,18,0.462
Atlanta Hawks,2025-10-25,ATL vs. OKC,Εντός Έδρας,Oklahoma City Thunder,Κορυφαία,39,16,0.41
Chicago Bulls,2025-10-25,CHI @ ORL,Εκτός Έδρας,Orlando Magic,Μεσαία,27,10,0.37
Orlando Magic,2025-10-25,ORL vs. CHI,Εντός Έδρας,Chicago Bulls,Αδύναμη,24,3,0.125
Indiana Pacers,2025-10-25,IND @ MEM,Εκτός Έδρας,Memphis Grizzlies,Αδύναμη,40,14,0.35
Phoenix Suns,2025-10-25,PHX @ DEN,Εκτός Έδρας,Denver Nuggets,Κορυφαία,50,17,0.34
Charlotte Hornets,2025-10-25,CHA @ PHI,Εκτός Έδρας,Philadelphia 76ers,Μεσαία,42,16,0.381
Oklahoma City Thunder,2025-10-25,OKC @ ATL,Εκτός Έδρας,Atlanta Hawks,Μεσαία,37,14,0.378
Memphis Grizzlies,2025-10-25,MEM vs. IND,Εντός Έδρας,Indiana Pacers,Αδύναμη,39,15,0.385
Denver Nuggets,2025-10-25,DEN vs. PHX,Εντός Έδρας,Phoenix Suns,Μεσαία,31,9,0.29
Houston Rockets,2025-10-24,HOU vs. DET,Εντός Έδρας,Detroit Pistons,Κορυφαία,22,10,0.455
Los Angeles Lakers,2025-10-24,LAL vs. MIN,Εντός Έδρας,Minnesota Timberwolves,Κορυφαία,29,12,0.414
New York Knicks,2025-10-24,NYK vs. BOS,Εντός Έδρας,Boston Celtics,Κορυφαία,45,17,0.378
Detroit Pistons,2025-10-24,DET @ HOU,Εκτός Έδρας,Houston Rockets,Κορυφαία,39,16,0.41
Toronto Raptors,2025-10-24,TOR vs. MIL,Εντός Έδρας,Milwaukee Bucks,Αδύναμη,27,11,0.407
Washington Wizards,2025-10-24,WAS @ DAL,Εκτός Έδρας,Dallas Mavericks,Αδύναμη,36,15,0.417
LA Clippers,2025-10-24,LAC vs. PHX,Εντός Έδρας,Phoenix Suns,Μεσαία,29,16,0.552
Miami Heat,2025-10-24,MIA @ MEM,Εκτός Έδρας,Memphis Grizzlies,Αδύναμη,40,19,0.475
Orlando Magic,2025-10-24,ORL vs. ATL,Εντός Έδρας,Atlanta Hawks,Μεσαία,31,9,0.29
Minnesota Timberwolves,2025-10-24,MIN @ LAL,Εκτός Έδρας,Los Angeles Lakers,Κορυφαία,38,13,0.342
Atlanta Hawks,2025-10-24,ATL @ ORL,Εκτός Έδρας,Orlando Magic,Μεσαία,29,8,0.276
Boston Celtics,2025-10-24,BOS @ NYK,Εκτός Έδρας,New York Knicks,Κορυφαία,44,15,0.341
Cleveland Cavaliers,2025-10-24,CLE @ BKN,Εκτός Έδρας,Brooklyn Nets,Αδύναμη,42,18,0.429
Golden State Warriors,2025-10-24,GSW @ POR,Εκτός Έδρας,Portland Trail Blazers,Μεσαία,38,16,0.421
Dallas Mavericks,2025-10-24,DAL vs. WAS,Εντός Έδρας,Washington Wizards,Αδύναμη,34,10,0.294
Brooklyn Nets,2025-10-24,BKN vs. CLE,Εντός Έδρας,Cleveland Cavaliers,Κορυφαία,45,19,0.422
San Antonio Spurs,2025-10-24,SAS @ NOP,Εκτός Έδρας,New Orleans Pelicans,Αδύναμη,43,13,0.302
New Orleans Pelicans,2025-10-24,NOP vs. SAS,Εντός Έδρας,San Antonio Spurs,Κορυφαία,32,10,0.313
Phoenix Suns,2025-10-24,PHX @ LAC,Εκτός Έδρας,LA Clippers,Μεσαία,47,16,0.34
Sacramento Kings,2025-10-24,SAC vs. UTA,Εντός Έδρας,Utah Jazz,Αδύναμη,32,14,0.438
Memphis Grizzlies,2025-10-24,MEM vs. MIA,Εντός Έδρας,Miami Heat,Μεσαία,45,13,0.289
Milwaukee Bucks,2025-10-24,MIL @ TOR,Εκτός Έδρας,Toronto Raptors,Μεσαία,40,14,0.35
Utah Jazz,2025-10-24,UTA @ SAC,Εκτός Έδρας,Sacramento Kings,Αδύναμη,41,13,0.317
Portland Trail Blazers,2025-10-24,POR vs. GSW,Εντός Έδρας,Golden State Warriors,Μεσαία,34,16,0.471
Denver Nuggets,2025-10-23,DEN @ GSW,Εκτός Έδρας,Golden State Warriors,Μεσαία,40,16,0.4
Golden State Warriors,2025-10-23,GSW vs. DEN,Εντός Έδρας,Denver Nuggets,Κορυφαία,47,18,0.383
Indiana Pacers,2025-10-23,IND vs. OKC,Εντός Έδρας,Oklahoma City Thunder,Κορυφαία,43,13,0.302
Oklahoma City Thunder,2025-10-23,OKC @ IND,Εκτός Έδρας,Indiana Pacers,Αδύναμη,35,10,0.286
Orlando Magic,2025-10-22,ORL vs. MIA,Εντός Έδρας,Miami Heat,Μεσαία,30,12,0.4
Philadelphia 76ers,2025-10-22,PHI @ BOS,Εκτός Έδρας,Boston Celtics,Κορυφαία,41,16,0.39
Charlotte Hornets,2025-10-22,CHA vs. BKN,Εντός Έδρας,Brooklyn Nets,Αδύναμη,36,17,0.472
Washington Wizards,2025-10-22,WAS @ MIL,Εκτός Έδρας,Milwaukee Bucks,Αδύναμη,42,17,0.405
Detroit Pistons,2025-10-22,DET @ CHI,Εκτός Έδρας,Chicago Bulls,Αδύναμη,24,7,0.292
Brooklyn Nets,2025-10-22,BKN @ CHA,Εκτός Έδρας,Charlotte Hornets,Μεσαία,40,14,0.35
San Antonio Spurs,2025-10-22,SAS @ DAL,Εκτός Έδρας,Dallas Mavericks,Αδύναμη,20,8,0.4
Cleveland Cavaliers,2025-10-22,CLE @ NYK,Εκτός Έδρας,New York Knicks,Κορυφαία,46,19,0.413
Atlanta Hawks,2025-10-22,ATL vs. TOR,Εντός Έδρας,Toronto Raptors,Μεσαία,35,10,0.286
Memphis Grizzlies,2025-10-22,MEM vs. NOP,Εντός Έδρας,New Orleans Pelicans,Αδύναμη,37,11,0.297
Milwaukee Bucks,2025-10-22,MIL vs. WAS,Εντός Έδρας,Washington Wizards,Αδύναμη,44,18,0.409
New Orleans Pelicans,2025-10-22,NOP @ MEM,Εκτός Έδρας,Memphis Grizzlies,Αδύναμη,27,10,0.37
Toronto Raptors,2025-10-22,TOR @ ATL,Εκτός Έδρας,Atlanta Hawks,Μεσαία,25,6,0.24
Boston Celtics,2025-10-22,BOS vs. PHI,Εντός Έδρας,Philadelphia 76ers,Μεσαία,43,11,0.256
Portland Trail Blazers,2025-10-22,POR vs. MIN,Εντός Έδρας,Minnesota Timberwolves,Κορυφαία,42,13,0.31
Minnesota Timberwolves,2025-10-22,MIN @ POR,Εκτός Έδρας,Portland Trail Blazers,Μεσαία,30,15,0.5
Miami Heat,2025-10-22,MIA @ ORL,Εκτός Έδρας,Orlando Magic,Μεσαία,35,12,0.343
Dallas Mavericks,2025-10-22,DAL vs. SAS,Εντός Έδρας,San Antonio Spurs,Κορυφαία,21,9,0.429
Utah Jazz,2025-10-22,UTA vs. LAC,Εντός Έδρας,LA Clippers,Μεσαία,44,17,0.386
LA Clippers,2025-10-22,LAC @ UTA,Εκτός Έδρας,Utah Jazz,Αδύναμη,45,14,0.311
Chicago Bulls,2025-10-22,CHI vs. DET,Εντός Έδρας,Detroit Pistons,Κορυφαία,30,11,0.367
Sacramento Kings,2025-10-22,SAC @ PHX,Εκτός Έδρας,Phoenix Suns,Μεσαία,24,9,0.375
New York Knicks,2025-10-22,NYK vs. CLE,Εντός Έδρας,Cleveland Cavaliers,Κορυφαία,40,14,0.35
Phoenix Suns,2025-10-22,PHX vs. SAC,Εντός Έδρας,Sacramento Kings,Αδύναμη,34,10,0.294
Houston Rockets,2025-10-21,HOU @ OKC,Εκτός Έδρας,Oklahoma City Thunder,Κορυφαία,39,11,0.282
Golden State Warriors,2025-10-21,GSW @ LAL,Εκτός Έδρας,Los Angeles Lakers,Κορυφαία,40,17,0.425
Los Angeles Lakers,2025-10-21,LAL vs. GSW,Εντός Έδρας,Golden State Warriors,Μεσαία,32,8,0.25
Oklahoma City Thunder,2025-10-21,OKC vs. HOU,Εντός Έδρας,Houston Rockets,Κορυφαία,52,13,0.25
